image,species,genus,continent,land_mass,subfamily,pollinator_referenced,pollinator
Acrotriche_cordata_Hislop.jpg,Acrotriche_cordata,Acrotriche,Australia,OW,Styphelioideae,insect,insect
Acrotriche_orbicularis_Hislop.jpg,Acrotriche_orbicularis,Acrotriche,Australia,OW,Styphelioideae,-,unknown
Acrotriche_serrulata_McCONCHIE.jpg,Acrotriche_serrulata,Acrotriche,Australia,OW,Styphelioideae,insect,insect
Agapetes_arunachalensis_S0960428607004611a.jpg,Agapetes_arunachalensis,Agapetes,Asia,OW,Vaccinioideae,-,bird
Agapetes_burmanica_Tropicos.jpg,Agapetes_burmanica,Agapetes,Asia,OW,Vaccinioideae,-,bird
Agapetes_buxifolia_plantillustrations.org.jpg,Agapetes_buxifolia,Agapetes,Asia,OW,Vaccinioideae,-,bird
Agapetes_dalaienis_S0960428607004611a.jpg,Agapetes_dalaienis,Agapetes,Asia,OW,Vaccinioideae,-,bird
Agapetes_flava_nagensis_India.jpg,Agapetes_flava,Agapetes,Asia,OW,Vaccinioideae,-,bird
Agapetes_incurvata_Tropicos.jpg,Agapetes_incurvata,Agapetes,Asia,OW,Vaccinioideae,-,bird
Agapetes_listeri_Tropicos.jpg,Agapetes_listeri,Agapetes,Asia,OW,Vaccinioideae,-,unknown
Agapetes_megacarpa_lohitensis_India.jpg,Agapetes_megacarpa,Agapetes,Asia,OW,Vaccinioideae,-,bird
Agapetes_miranda_Tropicos.jpg,Agapetes_miranda,Agapetes,Asia,OW,Vaccinioideae,-,unknown
Agapetes_obovata_Tropicos.jpg,Agapetes_obovata,Agapetes,Asia,OW,Vaccinioideae,-,unknown
Agapetes_pensilis_Tropicos.jpg,Agapetes_pensilis,Agapetes,Asia,OW,Vaccinioideae,-,bird
Agapetes_saligna_plantill.jpg,Agapetes_saligna,Agapetes,Asia,OW,Vaccinioideae,-,bird
Agapetes_serpens_stamendevel.jpg,Agapetes_serpens,Agapetes,Asia,OW,Vaccinioideae,-,bird
Agapetes_siangensis_S0960428607004611a.jpg,Agapetes_siangensis,Agapetes,Asia,OW,Vaccinioideae,-,bird
Agapetes_subsessilifolia_Suhua_New_Agapetes.jpg,Agapetes_subsessilifolia,Agapetes,Asia,OW,Vaccinioideae,-,bird
Agapetes_thailandica_Wathana_Agapetes.jpg,Agapetes_thailandica,Agapetes,Asia,OW,Vaccinioideae,-,bird
Agarista_albiflora_NYBG.jpg,Agarista_albiflora,Agarista,South_America,NW,Vaccinioideae,-,unknown
Agarista_hispidula_Freitas.jpg,Agarista_hispidula,Agarista,South_America,NW,Vaccinioideae,hummingbird,bird
Agarista_oleifolia_Freitas.jpg,Agarista_oleifolia,Agarista,South_America,NW,Vaccinioideae,-,unknown
Agarista_populifolia_FNA8_P60_Agarista-Lyonia-Andromeda.jpg,Agarista_populifolia,Agarista,North_America,NW,Vaccinioideae,insect,insect
Agarista_populifolia_Judd.jpg,Agarista_populifolia,Agarista,North_America,NW,Vaccinioideae,insect,insect
Agarista_sleumeri_Luteyn_Ericaceae_47.jpg,Agarista_sleumeri,Agarista,South_America,NW,Vaccinioideae,insect,insect
Allotropa_virgata_1036_001.jpg,Allotropa_virgata,Allotropa,North_America,NW,Monotropoideae,insect,insect
Allotropa_virgata_Hitchcock_PNW.jpg,Allotropa_virgata,Allotropa,North_America,NW,Monotropoideae,insect,insect
Andersonia_aristata_Watson.jpg,Andersonia_aristata,Andersonia,Australia,OW,Styphelioideae,-,unknown
Andersonia_axilliflora_Watson.jpg,Andersonia_axilliflora,Andersonia,Australia,OW,Styphelioideae,-,unknown
Andersonia_brevifolia_Watson.jpg,Andersonia_brevifolia,Andersonia,Australia,OW,Styphelioideae,-,unknown
Andersonia_ferricola_Lemson.jpg,Andersonia_ferricola,Andersonia,Australia,OW,Styphelioideae,-,unknown
Andersonia_geniculata_Lemson.jpg,Andersonia_geniculata,Andersonia,Australia,OW,Styphelioideae,-,unknown
Andersonia_gracilis_Watson.jpg,Andersonia_gracilis,Andersonia,Australia,OW,Styphelioideae,-,unknown
Andersonia_hamersleyana_Lemson.jpg,Andersonia_hamersleyana,Andersonia,Australia,OW,Styphelioideae,-,unknown
Andersonia_involucrata_Watson.jpg,Andersonia_involucrata,Andersonia,Australia,OW,Styphelioideae,-,unknown
Andersonia_longifolia_Watson.jpg,Andersonia_longifolia,Andersonia,Australia,OW,Styphelioideae,-,unknown
Andersonia_pinaster_Lemson.jpg,Andersonia_pinaster,Andersonia,Australia,OW,Styphelioideae,-,unknown
Andersonia_redolens_Lemson.jpg,Andersonia_redolens,Andersonia,Australia,OW,Styphelioideae,-,unknown
Andersonia_setifolia_Watson.jpg,Andersonia_setifolia,Andersonia,Australia,OW,Styphelioideae,honeyeater,bird
Andromeda_polifolia_Hitchcock_PNW.jpg,Andromeda_polifolia,Andromeda,Europe,OW,Vaccinioideae,insect,insect
Andromeda_polifolia_Stevens_1971_3.jpg,Andromeda_polifolia,Andromeda,Europe,OW,Vaccinioideae,insect,insect
Androstoma_empetrifolia_Hooker.jpg,Androstoma_empetrifolia,Androstoma,Australia,OW,Styphelioideae,-,unknown
Anthopterus_oliganthus_NYBG.jpg,Anthopterus_oliganthus,Anthopterus,South_America,NW,Vaccinioideae,hummingbird,bird
Anthopterus_revolutus_Luteyn.jpg,Anthopterus_revolutus,Anthopterus,South_America,NW,Vaccinioideae,hummingbird,bird
Anthopterus_verticillatus_NYBG.jpg,Anthopterus_verticillatus,Anthopterus,South_America,NW,Vaccinioideae,hummingbird,bird
Anthopterus_wardii_conservatory_NYBG_RKriebel.jpg,Anthopterus_wardii,Anthopterus,South_America,NW,Vaccinioideae,hummingbird,bird
Arbutus_andrachne_Stevens_1971_3.jpg,Arbutus_andrachne,Arbutus,Europe,OW,Arbutoideae,insect,insect
Arbutus_arizonica_Sargent.jpg,Arbutus_arizonica,Arbutus,North_America,NW,Arbutoideae,insect,insect
Arbutus_menziesii_Hitchcock_PNW.jpg,Arbutus_menziesii,Arbutus,North_America,NW,Arbutoideae,insect,insect
Arbutus_occidentalis_1035_001.jpg,Arbutus_occidentalis,Arbutus,South_America,NW,Arbutoideae,insect,insect
Arbutus_occidentalis_Luteyn_Ericaceae_27.jpg,Arbutus_occidentalis,Arbutus,South_America,NW,Arbutoideae,insect,insect
Arbutus_tessellata_Sorensen_New_arbutus.jpg,Arbutus_tessellata,Arbutus,South_America,NW,Arbutoideae,insect,insect
Arbutus_unedo_stamendevel.jpg,Arbutus_unedo,Arbutus,North_America,NW,Arbutoideae,insect,insect
Arbutus_xalapensis_1035_001.jpg,Arbutus_xalapensis,Arbutus,South_America,NW,Arbutoideae,insect,insect
Archeria_combrei_Melville.jpg,Archeria_combrei,Archeria,Australia,OW,Styphelioideae,insect,insect
Archeria_hirtella_Hooker.jpg,Archeria_hirtella,Archeria,Australia,OW,Styphelioideae,insect,insect
Arctostaphyllos_columbiana_Hitchcock_PNW.jpg,Arctostaphylos_columbiana,Arctostaphylos,North_America,NW,Arbutoideae,insect,insect
Arctostaphyllos_patula_Hitchcock_PNW.jpg,Arctostaphylos_patula,Arctostaphylos,North_America,NW,Arbutoideae,insect,insect
Arctostaphyllos_uva-ursi_Hitchcock_PNW.jpg,Arctostaphylos_uva-ursi,Arctostaphylos,North_America,NW,Arbutoideae,insect,insect
Arctostaphylos_pungens_Luteyn_Ericaceae_17.jpg,Arctostaphylos_pungens,Arctostaphylos,North_America,NW,Arbutoideae,insect,insect
Arctous_microphyllus_Tropicos.jpg,Arctous_microphyllus,Arctous,Asia,OW,Arbutoideae,insect,insect
Astroloma_foliosum_KEIGHERY_Western_Australi.jpg,Astroloma_foliosum,Astroloma,Australia,OW,Styphelioideae,honeyeater,bird
Bejaria_aestuans_Luteyn.jpg,Bejaria_aestuans,Bejaria,South_America,NW,Ericoideae,insect,insect
Bejaria_racemosa_Copeland_Rhododendroideae.jpg,Bejaria_racemosa,Bejaria,North_America,NW,Ericoideae,insect,insect
Bejaria_racemosa_Stevens_1971_2.jpg,Bejaria_racemosa,Bejaria,North_America,NW,Ericoideae,insect,insect
Bejaria_sprucei_Clements_Bejaria.jpg,Bejaria_sprucei,Bejaria,South_America,NW,Ericoideae,-,unknown
Bejaria_tachirensis_Luteyn_Ericaceae_8.jpg,Bejaria_tachirensis,Bejaria,South_America,NW,Ericoideae,-,unknown
Brachyloma_nguba_Cranfield.jpg,Brachyloma_nguba,Brachyloma,Australia,OW,Styphelioideae,-,unknown
Bryanthus_gmelinii_Stevens_1971_2.jpg,Bryanthus_gmelinii,Bryanthus,Asia,OW,Ericoideae,insect,insect
Calluna_vulgaris_Stevens_1971_3.jpg,Calluna_vulgaris,Calluna,Europe,OW,Ericoideae,insect,insect
Cassiope_fastigiata_Tropicos.jpg,Cassiope_fastigiata,Cassiope,Asia,OW,Cassiopoideae,-,unknown
Cassiope_lycopodioides_Stevens_1971_3.jpg,Cassiope_lycopodioides,Cassiope,Asia,OW,Cassiopoideae,insect,insect
Cassiope_membranifolia_Rhui-cheng_Ericaceae_China.jpg,Cassiope_membranifolia,Cassiope,Asia,OW,Cassiopoideae,insect,insect
Cassiope_membranifolia_Tropicos.jpg,Cassiope_membranifolia,Cassiope,Asia,OW,Cassiopoideae,insect,insect
Cassiope_mertensiana_Hitchcock_PNW.jpg,Cassiope_mertensiana,Cassiope,North_America,NW,Cassiopoideae,insect,insect
Cassiope_pectinata_Tropicos.jpg,Cassiope_pectinata,Cassiope,Asia,OW,Cassiopoideae,insect,insect
Cassiope_selaginoides_Tropicos.jpg,Cassiope_selaginoides,Cassiope,Asia,OW,Cassiopoideae,insect,insect
Cassiope_tetragona_Hitchcock_PNW.jpg,Cassiope_tetragona,Cassiope,Europe,OW,Cassiopoideae,insect,insect
Cassiope_wardii_Tropicos.jpg,Cassiope_wardii,Cassiope,Asia,OW,Cassiopoideae,insect,insect
Cavendishia_awa_Luteyn_NYBG.jpg,Cavendishia_awa,Cavendishia,South_America,NW,Vaccinioideae,hummingbird,bird
Cavendishia_axillaris_Luteyn_Ericaceae_2_21.jpg,Cavendishia_axillaris,Cavendishia,South_America,NW,Vaccinioideae,hummingbird,bird
Cavendishia_capitulata_Luteyn_Ericaceae_2_21.jpg,Cavendishia_capitulata,Cavendishia,South_America,NW,Vaccinioideae,hummingbird,bird
Cavendishia_davidsei_Luten_New_Ericaceae_8.jpg,Cavendishia_davidsei,Cavendishia,South_America,NW,Vaccinioideae,hummingbird,bird
Cavendishia_grandifolia_Luteyn_Ericaceae_2_28.jpg,Cavendishia_grandifolia,Cavendishia,South_America,NW,Vaccinioideae,hummingbird,bird
Cavendishia_grossa_Luteyn_Ericaceae_2_31.jpg,Cavendishia_grossa,Cavendishia,South_America,NW,Vaccinioideae,hummingbird,bird
Cavendishia_guatapeensis_Luteyn_Ericaceae_2_9.jpg,Cavendishia_guatapeensis,Cavendishia,South_America,NW,Vaccinioideae,hummingbird,bird
Cavendishia_jardinensis_Luten_New_Ericaceae_11.jpg,Cavendishia_jardinensis,Cavendishia,South_America,NW,Vaccinioideae,hummingbird,bird
Cavendishia_leucantha_Luten_New_Ericaceae_4.jpg,Cavendishia_leucantha,Cavendishia,South_America,NW,Vaccinioideae,hummingbird,bird
Cavendishia_limonensis_Luten_New_Ericaceae_8.jpg,Cavendishia_limonensis,Cavendishia,South_America,NW,Vaccinioideae,hummingbird,bird
Cavendishia_nitens_Luteyn_Ericaceae_2_25.jpg,Cavendishia_nitens,Cavendishia,South_America,NW,Vaccinioideae,hummingbird,bird
Cavendishia_nuda_Luten_New_Ericaceae_11.jpg,Cavendishia_nuda,Cavendishia,South_America,NW,Vaccinioideae,hummingbird,bird
Cavendishia_osaensis_Luteyn_Morales.jpg,Cavendishia_osaensis,Cavendishia,South_America,NW,Vaccinioideae,hummingbird,bird
Cavendishia_pedicellata_Luteyn_Ericaceae_2_2.jpg,Cavendishia_pedicellata,Cavendishia,South_America,NW,Vaccinioideae,hummingbird,bird
Cavendishia_stenophylla_Luteyn_Ericaceae_2_24.jpg,Cavendishia_stenophylla,Cavendishia,South_America,NW,Vaccinioideae,hummingbird,bird
Cavendishia_subamplexicaulis_Luteyn_Ericaceae_2_7.jpg,Cavendishia_subamplexicaulis,Cavendishia,South_America,NW,Vaccinioideae,hummingbird,bird
Cavendishia_tenella_Luteyn_Ericaceae_2_7.jpg,Cavendishia_tenella,Cavendishia,South_America,NW,Vaccinioideae,hummingbird,bird
Cavendishia_vinacea_Luteyn_Ericaceae_2_5.jpg,Cavendishia_vinacea,Cavendishia,South_America,NW,Vaccinioideae,hummingbird,bird
Cavendishia_viridiflora_Luten_Sylva_New_Ericaceae.jpg,Cavendishia_viridiflora,Cavendishia,South_America,NW,Vaccinioideae,hummingbird,bird
Ceratiola_ericoides_FNA8_P57_Empetrum-Corema-Ceratiola.jpg,Ceratiola_ericoides,Ceratiola,North_America,NW,Ericoideae,insect,wind
Ceratostema_auriculatum_NYBG.jpg,Ceratostema_auriculatum,Ceratostema,South_America,NW,Vaccinioideae,hummingbird,bird
Ceratostema_bracteolatum_NYBG.jpg,Ceratostema_bracteolatum,Ceratostema,South_America,NW,Vaccinioideae,hummingbird,bird
Ceratostema_ferreyrae_NYBG.jpg,Ceratostema_ferreyrae,Ceratostema,South_America,NW,Vaccinioideae,hummingbird,bird
Ceratostema_megabracteatum_Luten_New_Ericaceae_10.jpg,Ceratostema_megabracteatum,Ceratostema,South_America,NW,Vaccinioideae,hummingbird,bird
Ceratostema_oyacachiensis_Luteyn.jpg,Ceratostema_oyacachiensis,Ceratostema,South_America,NW,Vaccinioideae,hummingbird,bird
Ceratostema_pendens_Luteyn.jpg,Ceratostema_pendens,Ceratostema,South_America,NW,Vaccinioideae,hummingbird,bird
Ceratostema_pubescens_Luteyn.jpg,Ceratostema_pubescens,Ceratostema,South_America,NW,Vaccinioideae,hummingbird,bird
Ceratostema_silvicola_Conservatory_NYBG_RKriebel.jpg,Ceratostema_silvicola,Ceratostema,South_America,NW,Vaccinioideae,hummingbird,bird
Chamaedaphne_calyculata_FNA8_P61_Zenobia-Chamaedaphne-Leucothoe.jpg,Chamaedaphne_calyculata,Chamaedaphne,Europe,OW,Vaccinioideae,insect,insect
Chamaedaphne_calyculata_Gleason_E_NAM.jpg,Chamaedaphne_calyculata,Chamaedaphne,Europe,OW,Vaccinioideae,insect,insect
Chamaedaphne_calyculata_Stevens_1971_3.jpg,Chamaedaphne_calyculata,Chamaedaphne,Europe,OW,Vaccinioideae,insect,insect
Chamaedaphne_calyculata_Wood1961.jpg,Chamaedaphne_calyculata,Chamaedaphne,Europe,OW,Vaccinioideae,insect,insect
Chimaphila_japonica_Tropicos.jpg,Chimaphila_japonica,Chimaphila,Asia,OW,Pyroloideae,insect,insect
Chimaphila_maculata_Gleason_E_NAM.jpg,Chimaphila_maculata,Chimaphila,North_America,NW,Pyroloideae,insect,insect
Chimaphila_menzezii_1036_001.jpg,Chimaphila_menzezii,Chimaphila,North_America,NW,Pyroloideae,insect,insect
Chimaphila_umbellata_Gleason_E_NAM.jpg,Chimaphila_umbellata,Chimaphila,North_America,NW,Pyroloideae,insect,insect
Chimaphila_umbellata_Hitchcock_PNW.jpg,Chimaphila_umbellata,Chimaphila,North_America,NW,Pyroloideae,insect,insect
Chimaphila_umbellata.jpg,Chimaphila_umbellata,Chimaphila,North_America,NW,Pyroloideae,insect,insect
Cladothamnus_pyrolaefolius_Copeland_Rhododendroideae.jpg,Cladothamnus_pyroliflorus,Cladothamnus,North_America,NW,Ericoideae,-,unknown
Cladothamnus_pyroliflorus_Hitchcock_PNW.jpg,Cladothamnus_pyroliflorus,Cladothamnus,North_America,NW,Ericoideae,-,unknown
Clethra_alnifolia_Kavaljian.jpg,Clethra_alnifolia,Clethra,North_America,NW,NA,NA,NA
Coilostigma_glabrum_Oliver.jpg,Erica_quadrifida,Erica,Africa,OW,Ericoideae,-,unknown
Coilostigma_zeyherianum_Oliver.jpg,Erica_zeyheriana,Erica,Africa,OW,Ericoideae,-,unknown
Coleanthera_myrtoides_Mueller.jpg,Coleanthera_myrtoides,Coleanthera,Australia,OW,Styphelioideae,insect,insect
Comarostaphylis_arbutoides_Tropicos.jpg,Comarostaphylis_arbutoides,Comarostaphylis,South_America,NW,Arbutoideae,insect,insect
Comarostaphylis_discolor_manantlensis_Luteyn_Ericaceae_20.jpg,Comarostaphylis_discolor,Comarostaphylis,South_America,NW,Arbutoideae,insect,insect
Comarostaphylis_macvaughii_1035_001.jpg,Comarostaphylis_macvaughii,Comarostaphylis,North_America,NW,Arbutoideae,insect,insect
Conostephium_marchantiorum_Strid_New_Leucopogon.jpg,Conostephium_marchantiorum,Conostephium,Australia,OW,Styphelioideae,insect,insect
Conostephium_pendulum_Delessert.jpg,Conostephium_pendulum,Conostephium,Australia,OW,Styphelioideae,insect,insect
Craibiodendron_henryi_Tropicos.jpg,Craibiodendron_henryi,Craibiodendron,Asia,OW,Vaccinioideae,-,unknown
Craibiodendron_scleranthum_Judd.jpg,Craibiodendron_scleranthum,Craibiodendron,Asia,OW,Vaccinioideae,-,unknown
Craibiodendron_stellatum_Judd.jpg,Craibiodendron_stellatum,Craibiodendron,Asia,OW,Vaccinioideae,-,unknown
Craibiodendron_vietnamense_Judd.jpg,Craibiodendron_vietnamense,Craibiodendron,Asia,OW,Vaccinioideae,-,unknown
Craibiodendron_yunnanense_Judd.jpg,Craibiodendron_yunnanense,Craibiodendron,Asia,OW,Vaccinioideae,-,unknown
Craibiodendron_yunnanense_Tropicos.jpg,Craibiodendron_yunnanense,Craibiodendron,Asia,OW,Vaccinioideae,-,unknown
Croninia_kingiana_Powell.jpg,Croninia_kingiana,Croninia,Australia,OW,Styphelioideae,-,unknown
Cyathodes_divaricata_Higham.jpg,Cyathodes_divaricata,Cyathodes,Australia,OW,Styphelioideae,honeyeater,bird
Cyathodes_glauca_Billardiere.jpg,Cyathodes_glauca,Cyathodes,Australia,OW,Styphelioideae,insect,insect
Cyathodes_platystoma_Weiller.jpg,Cyathodes_platystoma,Cyathodes,Australia,OW,Styphelioideae,insect,insect
Cyrilla_racemiflora_side_MO.jpg,Cyrilla_racemiflora,Cyrilla,North_America,NW,NA,NA,NA
Daboecia_cantabrica_Copeland_Rhododendroideae.jpg,Daboecia_cantabrica,Daboecia,Europe,OW,Ericoideae,-,unknown
Daboecia_polifolia_stamendevel.jpg,Daboecia_polifolia,Daboecia,Europe,OW,Ericoideae,-,unknown
Didonica_crassiflora_Luteyn_Didonica.jpg,Didonica_crassiflora,Didonica,South_America,NW,Vaccinioideae,hummingbird,bird
Didonica_pendula_Luten_Wilbur_New_Ericaceae.jpg,Didonica_pendula,Didonica,South_America,NW,Vaccinioideae,hummingbird,bird
Dimorphanthera_glauca_1035_001.jpg,Dimorphanthera_glauca,Dimorphanthera,Australia,OW,Vaccinioideae,-,unknown
Dimorphanthera_longistyla_135_001.jpg,Dimorphanthera_longistyla,Dimorphanthera,Australia,OW,Vaccinioideae,-,unknown
Dimorphanthera_tedentii_1035_001.jpg,Dimorphanthera_tedentii,Dimorphanthera,Australia,OW,Vaccinioideae,-,unknown
Dimorphanthera_velutina_1035_001.jpg,Dimorphanthera_velutina,Dimorphanthera,Australia,OW,Vaccinioideae,-,unknown
Dimorphanthera_velutina.jpg,Dimorphanthera_velutina,Dimorphanthera,Asia,OW,Vaccinioideae,-,unknown
Dimorphanthera_viridiflora_1035_001.jpg,Dimorphanthera_viridiflora,Dimorphanthera,Australia,OW,Vaccinioideae,-,unknown
Dimorphanthera_womersleyi_continua_1035_001.jpg,Dimorphanthera_womersleyi,Dimorphanthera,Australia,OW,Vaccinioideae,honeyeater,bird
Dimprphanthera_dekockii_chlorocarpa_Stevens.jpg,Dimorphanthera_dekockii,Dimorphanthera,Australia,OW,Vaccinioideae,honeyeater,bird
Diplocosia_slaicifolia_Middleton_Gaultheria.jpg,Diplycosia_salicifolia,Diplycosia,Asia,OW,Vaccinioideae,-,unknown
Diplycosia_balgooyi_S0960428613000309a.jpg,Diplycosia_balgooyi,Diplycosia,Asia,OW,Vaccinioideae,-,unknown
Diplycosia_celebensis_S0960428613000309a.jpg,Diplycosia_celebensis,Diplycosia,Asia,OW,Vaccinioideae,-,unknown
Diplycosia_ciliolata_Hooker.jpg,Diplycosia_ciliolata,Diplycosia,Asia,OW,Vaccinioideae,-,unknown
Diplycosia_gallowayana_S0960428613000309a.jpg,Diplycosia_gallowayana,Diplycosia,Asia,OW,Vaccinioideae,-,unknown
Diplycosia_glaucicaulis_S0960428613000309a.jpg,Diplycosia_glaucicaulis,Diplycosia,Asia,OW,Vaccinioideae,-,unknown
Diplycosia_hendriana_S0960428613000309a.jpg,Diplycosia_hendriana,Diplycosia,Asia,OW,Vaccinioideae,-,unknown
Diplycosia_minutiflora_var._glandulifera_S0960428613000309a.jpg,Diplycosia_minutiflora,Diplycosia,Asia,OW,Vaccinioideae,-,unknown
Diplycosia_pinifolia_Stapf.jpg,Diplycosia_pinifolia,Diplycosia,Asia,OW,Vaccinioideae,-,unknown
Diplycosia_supyanii_S0960428613000309a.jpg,Diplycosia_supyanii,Diplycosia,Asia,OW,Vaccinioideae,-,unknown
Diplyocosia_bartolomei_Ferreras.jpg,Diplycosia_bartolomei,Diplycosia,Asia,OW,Vaccinioideae,-,unknown
Disterigma_appendiculatum_Pedraza_2010_1_2.jpg,Disterigma_appendiculatum,Disterigma,South_America,NW,Vaccinioideae,-,unknown
Disterigma_baguense_Pedraza_2010_1_2.jpg,Disterigma_baguense,Disterigma,South_America,NW,Vaccinioideae,-,unknown
Disterigma_balslevii_Pedraza_2010_1_2.jpg,Disterigma_balslevii,Disterigma,South_America,NW,Vaccinioideae,-,unknown
Disterigma_bracteatum_Luteyn.jpg,Disterigma_bracteatum,Disterigma,South_America,NW,Vaccinioideae,-,unknown
Disterigma_dumontii_Luteyn_New_Ericaceae_9.jpg,Disterigma_dumontii,Disterigma,South_America,NW,Vaccinioideae,-,unknown
Disterigma_hiatum_Pedraza_Three_new_Disterigma.jpg,Disterigma_hiatum,Disterigma,South_America,NW,Vaccinioideae,-,unknown
Disterigma_hiatus_Pedraza_2010_1_2.jpg,Disterigma_hiatus,Disterigma,South_America,NW,Vaccinioideae,-,unknown
Disterigma_humboldtii_Pedraza.jpg,Disterigma_humboldtii,Disterigma,South_America,NW,Vaccinioideae,insect,insect
Disterigma_humboldtii_Tropicos.jpg,Disterigma_humboldtii,Disterigma,South_America,NW,Vaccinioideae,insect,insect
Disterigma_ollacheum_Pedraza.jpg,Disterigma_ollacheum,Disterigma,South_America,NW,Vaccinioideae,-,unknown
Disterigma_pernettyoides_Pedraza_2010_13.jpg,Disterigma_pernettyoides,Disterigma,South_America,NW,Vaccinioideae,-,unknown
Disterigma_synanthum_Pedraza_2010_6.jpg,Disterigma_synanthum,Disterigma,South_America,NW,Vaccinioideae,-,unknown
Disterigma_verruculatum_Pedraza_2010_1_2.jpg,Disterigma_verruculatum,Disterigma,South_America,NW,Vaccinioideae,-,unknown
Disterigma_verruculatum_Pedraza_Three_new_Disterigma.jpg,Disterigma_verruculatum,Disterigma,South_America,NW,Vaccinioideae,-,unknown
Dracophyllum_alticola_Venter.jpg,Dracophyllum_alticola,Dracophyllum,Australia,OW,Styphelioideae,-,unknown
Dracophyllum_balansae_Venter.jpg,Dracophyllum_balansae,Dracophyllum,Australia,OW,Styphelioideae,-,unknown
Dracophyllum_cosmelioides_Venter.jpg,Dracophyllum_cosmelioides,Dracophyllum,Australia,OW,Styphelioideae,-,unknown
Dracophyllum_fiordense_Venter.jpg,Dracophyllum_fiordense,Dracophyllum,Australia,OW,Styphelioideae,-,unknown
Dracophyllum_fitzgeraldii_Venter.jpg,Dracophyllum_fitzgeraldii,Dracophyllum,Australia,OW,Styphelioideae,-,unknown
Dracophyllum_marmoricola_Venter.jpg,Dracophyllum_marmoricola,Dracophyllum,Australia,OW,Styphelioideae,-,unknown
Dracophyllum_menziesii_Venter.jpg,Dracophyllum_menziesii,Dracophyllum,Australia,OW,Styphelioideae,-,unknown
Dracophyllum_milliganii_Venter.jpg,Dracophyllum_milliganii,Dracophyllum,Australia,OW,Styphelioideae,-,unknown
Dracophyllum_oceanicum_Venter.jpg,Dracophyllum_oceanicum,Dracophyllum,Australia,OW,Styphelioideae,-,unknown
Dracophyllum_ophioliticum_Venter.jpg,Dracophyllum_ophioliticum,Dracophyllum,Australia,OW,Styphelioideae,-,unknown
Dracophyllum_ouaiemense_Venter.jpg,Dracophyllum_ouaiemense,Dracophyllum,Australia,OW,Styphelioideae,-,unknown
Dracophyllum_sayeri_Venter.jpg,Dracophyllum_sayeri,Dracophyllum,Australia,OW,Styphelioideae,-,unknown
Dracophyllum_secundum_Venter.jpg,Dracophyllum_secundum,Dracophyllum,Australia,OW,Styphelioideae,-,unknown
Dracophyllum_strictum_Venter.jpg,Dracophyllum_strictum,Dracophyllum,Australia,OW,Styphelioideae,-,unknown
Dracophyllum_townsonii_Venter.jpg,Dracophyllum_townsonii,Dracophyllum,Australia,OW,Styphelioideae,-,unknown
Dracophyllum_traversii_Venter.jpg,Dracophyllum_traversii,Dracophyllum,Australia,OW,Styphelioideae,insect,insect
Dracophyllum_verticillatum_Labill.jpg,Dracophyllum_verticillatum,Dracophyllum,Australia,OW,Styphelioideae,insect,insect
Dyplocosia_chrysothrix_Stevens_1971_3.jpg,Diplycosia_chrysothrix,Diplycosia,Asia,OW,Vaccinioideae,-,unknown
Elliottia_racemosa_Stevens_1971_2.jpg,Elliottia_racemosa,Elliottia,North_America,NW,Ericoideae,insect,insect
Ellottia_racemosa_Copeland_Rhododendroideae_2.jpg,Elliottia_racemosa,Ellottia,North_America,NW,Ericoideae,insect,insect
Empetrum_hermaphroditum_Iberia.jpg,Empetrum_hermaphroditum,Empetrum,Europe,OW,Ericoideae,insect,wind
Empetrum_nigrum_Iberia.jpg,Empetrum_nigrum,Empetrum,Europe,OW,Ericoideae,insect,wind
Empetrum_nigrum_Thome_Flora_von_Deutschland.jpg,Empetrum_nigrum,Empetrum,Europe,OW,Ericoideae,insect,wind
Enkianthus_campanulatus_Anderberg_1994.jpg,Enkianthus_campanulatus,Enkianthus,Asia,OW,Enkianthoideae,insect,insect
Enkianthus_chinensis_Anderberg_1994.jpg,Enkianthus_chinensis,Enkianthus,Asia,OW,Enkianthoideae,insect,insect
Enkianthus_chinensis_Tropicos.jpg,Enkianthus_chinensis,Enkianthus,Asia,OW,Enkianthoideae,insect,insect
Enkianthus_deflexus_Anderberg_1994.jpg,Enkianthus_deflexus,Enkianthus,Asia,OW,Enkianthoideae,insect,insect
Enkianthus_pauciflorus_Anderberg_1994.jpg,Enkianthus_pauciflorus,Enkianthus,Asia,OW,Enkianthoideae,insect,insect
Enkianthus_perulatus_Anderberg_1994.jpg,Enkianthus_perulatus,Enkianthus,Asia,OW,Enkianthoideae,insect,insect
Enkianthus_quinqueflorus_Anderberg_1994.jpg,Enkianthus_quinqueflorus,Enkianthus,Asia,OW,Enkianthoideae,insect,insect
Enkianthus_serotinus_Anderberg_1994.jpg,Enkianthus_serotinus,Enkianthus,Asia,OW,Enkianthoideae,insect,insect
Enkianthus_serrulatus_Anderberg_1994.jpg,Enkianthus_serrulatus,Enkianthus,Asia,OW,Enkianthoideae,insect,insect
Enkianthus_serrulatus_Tropicos.jpg,Enkianthus_serrulatus,Enkianthus,Asia,OW,Enkianthoideae,insect,insect
Enkianthus_subsessilis_Anderberg_1994.jpg,Enkianthus_subsessilis,Enkianthus,Asia,OW,Enkianthoideae,insect,insect
Enkianthus_taiwanianus_Anderberg_1994.jpg,Enkianthus_taiwanianus,Enkianthus,Asia,OW,Enkianthoideae,insect,insect
Enkianthus_tubulatus_Anderberg_1994.jpg,Enkianthus_tubulatus,Enkianthus,Asia,OW,Enkianthoideae,insect,insect
Epacris_apsleyensis_Crowden.jpg,Epacris_apsleyensis,Epacris,Australia,OW,Styphelioideae,-,unknown
Epacris_cerasicollina_Crowden_Muelleria.jpg,Epacris_cerasicollina,Epacris,Australia,OW,Styphelioideae,-,unknown
Epacris_glabella_Jarman.jpg,Epacris_glabella,Epacris,Australia,OW,Styphelioideae,-,unknown
Epacris_grandis_Crowden.jpg,Epacris_grandis,Epacris,Australia,OW,Styphelioideae,-,unknown
Epacris_moscalianus_Crowden_Muelleria.jpg,Epacris_moscalianus,Epacris,Australia,OW,Styphelioideae,-,unknown
Epacris_tasmanica_Crowden_Muelleria.jpg,Epacris_tasmanica,Epacris,Australia,OW,Styphelioideae,-,unknown
Epacris_virgata_Crowden_Menadue.jpg,Epacris_virgata,Epacris,Australia,OW,Styphelioideae,-,unknown
Epigaea_repens_Stevens_1971_2.jpg,Epigaea_repens,Epigaea,North_America,NW,Ericoideae,insect,insect
Eremia_brevifolia_Oliver.jpg,Erica_velatiflora,Erica,Africa,OW,Ericoideae,-,unknown
Eremia_calycina_Oliver.jpg,Erica_bokkeveldia,Erica,Africa,OW,Ericoideae,-,unknown
Eremia_curvistyla_Oliver.jpg,Erica_curvistyla,Erica,Africa,OW,Ericoideae,-,unknown
Eremia_florifera_Oliver.jpg,Erica_florifera,Erica,Africa,OW,Ericoideae,-,unknown
Eremia_peltata_Oliver.jpg,Erica_cetrata,Erica,Africa,OW,Ericoideae,-,unknown
Eremia_recurvata_Oliver.jpg,Erica_recurvifolia,Erica,Africa,OW,Ericoideae,-,unknown
Eremia_totta_Oliver.jpg,Eremia_totta,Erica,Africa,OW,Ericoideae,-,unknown
Eremiella_outeniquae_Oliver.jpg,Erica_outeniquae,Erica,Africa,OW,Ericoideae,-,unknown
Erica_abbottii_Oliver.jpg,Erica_abbottii,Erica,Africa,OW,Ericoideae,-,unknown
Erica_agglutinans_Oliver.jpg,Erica_agglutinans,Erica,Africa,OW,Ericoideae,insect,insect
Erica_albertyniae_oliver_monograp_134.jpg,Erica_albertyniae,Erica,Africa,OW,Ericoideae,insect,insect
Erica_alfredii_Baker&Oliver_Erica_2.jpg,Erica_alfredii,Erica,Africa,OW,Ericoideae,insect,insect
Erica_alnea_Oliver.jpg,Erica_alnea,Erica,Africa,OW,Ericoideae,-,unknown
Erica_amalophylla_Oliver.jpg,Erica_amalophylla,Erica,Africa,OW,Ericoideae,-,unknown
Erica_amicorum_Oliver.jpg,Erica_amicorum,Erica,Africa,OW,Ericoideae,-,unknown
Erica_ampullacea_side_Baker_Oliver_Erica_1.jpg,Erica_ampullacea,Erica,Africa,OW,Ericoideae,insect,long_proboscis_fly
Erica_anemodes_Oliver.jpg,Erica_anemodes,Erica,Africa,OW,Ericoideae,-,unknown
Erica_angulifer_Oliver.jpg,Erica_angulifer,Erica,Africa,OW,Ericoideae,-,unknown
Erica_angulosa_oliver_monograp_179.jpg,Erica_angulosa,Erica,Africa,OW,Ericoideae,insect,wind
Erica_annalis_Oliver.jpg,Erica_annalis,Erica,Africa,OW,Ericoideae,-,unknown
Erica_arachnocalyx_Oliver.jpg,Erica_arachnocalyx,Erica,Africa,OW,Ericoideae,insect,insect
Erica_arborea_Matthews_stamendevel.jpg,Erica_arborea,Erica,Africa,OW,Ericoideae,insect,insect
Erica_areolata_Oliver_monograp_379.jpg,Erica_areolata,Erica,Africa,OW,Ericoideae,insect,wind
Erica_aristata_Baker_Oliver_Erica_1.jpg,Erica_aristata,Erica,Africa,OW,Ericoideae,insect,long_proboscis_fly
Erica_artemesioides_Oliver_monograp_382.jpg,Erica_artemesioides,Erica,Africa,OW,Ericoideae,-,unknown
Erica_atromontana_Oliver.jpg,Erica_atromontana,Erica,Africa,OW,Ericoideae,insect,insect
Erica_axillaris_Oliver_monograp_390.jpg,Erica_axillaris,Erica,Africa,OW,Ericoideae,insect,wind
Erica_azalaefolia_side_Baker_Oliver_Erica_1.jpg,Erica_azalaefolia,Erica,Africa,OW,Ericoideae,insect,insect
Erica_bakeri_Baker.jpg,Erica_bakeri,Erica,Africa,OW,Ericoideae,-,unknown
Erica_banksia_Baker_Oliver_Erica_1.jpg,Erica_banksia,Erica,Africa,OW,Ericoideae,sunbird,bird
Erica_banksia_side_Baker_Oliver_Erica_1.jpg,Erica_banksia,Erica,Africa,OW,Ericoideae,sunbird,bird
Erica_bauera_side_Baker_Oliver_Erica_1.jpg,Erica_bauera,Erica,Africa,OW,Ericoideae,-,unknown
Erica_benguelensis_Engler.jpg,Erica_benguelensis,Erica,Africa,OW,Ericoideae,insect,wind
Erica_benthamiana_oliver_monograp_192.jpg,Erica_benthamiana,Erica,Africa,OW,Ericoideae,insect,insect
Erica_bergiana_Baker.jpg,Erica_bergiana,Erica,Africa,OW,Ericoideae,insect,insect
Erica_bergiana_side_Baker_Oliver_Erica_1.jpg,Erica_bergiana,Erica,Africa,OW,Ericoideae,insect,insect
Erica_bergiana_side_Baker_Oliver_Erica_2.jpg,Erica_bergiana,Erica,Africa,OW,Ericoideae,insect,insect
Erica_bibax_Oliver.jpg,Erica_bibax,Erica,Africa,OW,Ericoideae,sunbird,bird
Erica_binaria_Oliver_monograp_404.jpg,Erica_binaria,Erica,Africa,OW,Ericoideae,-,unknown
Erica_blaerioides_Oliver.jpg,Erica_blaerioides,Erica,Africa,OW,Ericoideae,-,unknown
Erica_blenna_Baker_Oliver_Erica_2.jpg,Erica_blenna,Erica,Africa,OW,Ericoideae,insect,insect
Erica_blenna_side_Palser.jpg,Erica_blenna,Erica,Africa,OW,Ericoideae,insect,insect
Erica_bocquetii_Stevens.jpg,Erica_bocquetii,Erica,Africa,OW,Ericoideae,-,unknown
Erica_bokkeveldia_Oliver.jpg,Erica_bokkeveldia,Erica,Africa,OW,Ericoideae,-,unknown
Erica_bolusanthus_Oliver.jpg,Erica_bolusanthus,Erica,Africa,OW,Ericoideae,-,unknown
Erica_boucheri_Oliver_monograp_395.jpg,Erica_boucheri,Erica,Africa,OW,Ericoideae,-,unknown
Erica_bowieana_side_Palser.jpg,Erica_bowieana,Erica,Africa,OW,Ericoideae,-,unknown
Erica_bracteolaris_side_Palser.jpg,Erica_bracteolaris,Erica,Africa,OW,Ericoideae,insect,insect
Erica_bredasiana_Oliver_monograp_397.jpg,Erica_bredasiana,Erica,Africa,OW,Ericoideae,-,unknown
Erica_brownii_oliver_monograp_158.jpg,Erica_brownii,Erica,Africa,OW,Ericoideae,-,unknown
Erica_burchelliana_Oliver.jpg,Erica_burchelliana,Erica,Africa,OW,Ericoideae,-,unknown
Erica_cabernetea_Oliver_Three_New_Erica.jpg,Erica_cabernetea,Erica,Africa,OW,Ericoideae,-,unknown
Erica_calcicola_Oliver_monograp_385.jpg,Erica_calcicola,Erica,Africa,OW,Ericoideae,-,unknown
Erica_calycina_Baker_Oliver_Erica_3.jpg,Erica_calycina,Erica,Africa,OW,Ericoideae,insect,insect
Erica_cameronii_Baker_Oliver_Erica_1.jpg,Erica_cameronii,Erica,Africa,OW,Ericoideae,sunbird,bird
Erica_capitata_Baker_Oliver_Erica_2.jpg,Erica_capitata,Erica,Africa,OW,Ericoideae,insect,insect
Erica_caprina_Oliver.jpg,Erica_caprina,Erica,Africa,OW,Ericoideae,-,unknown
Erica_carnea_Stevens.jpg,Erica_carnea,Erica,Europe,OW,Ericoideae,insect,insect
Erica_cavartica_Oliver.jpg,Erica_cavartica,Erica,Africa,OW,Ericoideae,-,unknown
Erica_cedromontana_Oliver_Three_New_Erica.jpg,Erica_cedromontana,Erica,Africa,OW,Ericoideae,-,unknown
Erica_ceraria_Oliver.jpg,Erica_ceraria,Erica,Africa,OW,Ericoideae,-,unknown
Erica_cereris_oliver_monograp_328.jpg,Erica_cereris,Erica,Africa,OW,Ericoideae,insect,insect
Erica_cetrata_Oliver.jpg,Erica_cetrata,Erica,Africa,OW,Ericoideae,-,unknown
Erica_chamissonis_Baker&Oliver_Erica_3.jpg,Erica_chamissonis,Erica,Africa,OW,Ericoideae,insect,insect
Erica_chamissonis_side_Palser.jpg,Erica_chamissonis,Erica,Africa,OW,Ericoideae,insect,insect
Erica_chionodes_Oliver.jpg,Erica_chionodes,Erica,Africa,OW,Ericoideae,insect,wind
Erica_chionophila_Oliver.jpg,Erica_chionophila,Erica,Africa,OW,Ericoideae,-,unknown
Erica_chiroptera_Oliver.jpg,Erica_chiroptera,Erica,Africa,OW,Ericoideae,insect,insect
Erica_chrysocodon_Oliver.jpg,Erica_chrysocodon,Erica,Africa,OW,Ericoideae,insect,insect
Erica_cinerea_FNA8_P58.jpg,Erica_cinerea,Erica,Europe,OW,Ericoideae,insect,insect
Erica_clavisepala_Baker_Oliver_Erica_2.jpg,Erica_clavisepala,Erica,Africa,OW,Ericoideae,insect,insect
Erica_coccinea_Baker_Oliver_Erica_1.jpg,Erica_coccinea,Erica,Africa,OW,Ericoideae,sunbird,bird
Erica_coccinea_side_Baker_Oliver_Erica_1.jpg,Erica_coccinea,Erica,Africa,OW,Ericoideae,sunbird,bird
Erica_colorans_Oliver.jpg,Erica_colorans,Erica,Africa,OW,Ericoideae,sunbird,bird
Erica_conspicua_conspicua_Oliver.jpg,Erica_conspicua,Erica,Africa,OW,Ericoideae,sunbird,bird
Erica_conspicua_roseoflora_Oliver.jpg,Erica_conspicua,Erica,Africa,OW,Ericoideae,sunbird,bird
Erica_cooperi_side_Palser.jpg,Erica_cooperi,Erica,Africa,OW,Ericoideae,insect,insect
Erica_corifolia_Baker_Oliver_Erica_2.jpg,Erica_corifolia,Erica,Africa,OW,Ericoideae,insect,insect
Erica_corifolia_side_Palser.jpg,Erica_corifolia,Erica,Africa,OW,Ericoideae,insect,insect
Erica_cremea_Oliver.jpg,Erica_cremea,Erica,Africa,OW,Ericoideae,sunbird,bird
Erica_crenata_Baker_Oliver_Erica_2.jpg,Erica_crenata,Erica,Africa,OW,Ericoideae,insect,insect
Erica_crhopalantha_Baker&Oliver_Erica_2.jpg,Erica_crhopalantha,Erica,Africa,OW,Ericoideae,-,unknown
Erica_cristata_side_Baker_Oliver_Erica_1.jpg,Erica_cristata,Erica,Africa,OW,Ericoideae,insect,long_proboscis_fly
Erica_croceovirens_Oliver.jpg,Erica_croceovirens,Erica,Africa,OW,Ericoideae,-,unknown
Erica_cubica_Baker&Oliver_Erica_3.jpg,Erica_cubica,Erica,Africa,OW,Ericoideae,insect,insect
Erica_cunonensis_Oliver.jpg,Erica_cunonensis,Erica,Africa,OW,Ericoideae,-,unknown
Erica_curviflora_Oliver.jpg,Erica_curviflora,Erica,Africa,OW,Ericoideae,sunbird,bird
Erica_curviflora_side_Palser.jpg,Erica_curviflora,Erica,Africa,OW,Ericoideae,sunbird,bird
Erica_curvistyla_Oliver.jpg,Erica_curvistyla,Erica,Africa,OW,Ericoideae,-,unknown
Erica_cylindrica_Baker_Oliver_Erica_2.jpg,Erica_cylindrica,Erica,Africa,OW,Ericoideae,insect,insect
Erica_cymosa_Oliver.jpg,Erica_cymosa,Erica,Africa,OW,Ericoideae,insect,insect
Erica_daphniflora_Baker_Oliver_Erica_2.jpg,Erica_daphniflora,Erica,Africa,OW,Ericoideae,insect,insect
Erica_densifolia_Oliver.jpg,Erica_densifolia,Erica,Africa,OW,Ericoideae,sunbird,bird
Erica_depressa_Baker_Oliver_Erica_3.jpg,Erica_depressa,Erica,Africa,OW,Ericoideae,insect,insect
Erica_diotaeflora_side_Baker_Oliver_Erica_1.jpg,Erica_diotaeflora,Erica,Africa,OW,Ericoideae,-,unknown
Erica_dispar_oliver_monograp_129.jpg,Erica_dispar,Erica,Africa,OW,Ericoideae,-,unknown
Erica_dolfiana_Oliver.jpg,Erica_dolfiana,Erica,Africa,OW,Ericoideae,-,unknown
Erica_drakensbergensis_Baker_Oliver_Erica_2.jpg,Erica_drakensbergensis,Erica,Africa,OW,Ericoideae,insect,insect
Erica_dregei_oliver_monograp_127.jpg,Erica_dregei,Erica,Africa,OW,Ericoideae,-,unknown
Erica_ecklonii_oliver_monograp_189.jpg,Erica_ecklonii,Erica,Africa,OW,Ericoideae,-,unknown
Erica_eglandulosa_Oliver_monograp_422.jpg,Erica_eglandulosa,Erica,Africa,OW,Ericoideae,-,unknown
Erica_embrothriifolia_Baker_Oliver_Erica_1.jpg,Erica_embrothriifolia,Erica,Africa,OW,Ericoideae,insect,insect
Erica_eremioides_Oliver.jpg,Erica_eremioides,Erica,Africa,OW,Ericoideae,insect,insect
Erica_erina_oliver_monograp_169.jpg,Erica_erina,Erica,Africa,OW,Ericoideae,insect,wind
Erica_eriocephala_Oliver.jpg,Erica_eriocephala,Erica,Africa,OW,Ericoideae,insect,insect
Erica_euryphylla_Turner.jpg,Erica_euryphylla,Erica,Africa,OW,Ericoideae,-,unknown
Erica_fascicularis_Baker_Oliver_Erica_1.jpg,Erica_fascicularis,Erica,Africa,OW,Ericoideae,sunbird,bird
Erica_fastigiata_Oliver.jpg,Erica_fastigiata,Erica,Africa,OW,Ericoideae,insect,long_proboscis_fly
Erica_fervida_Oliver.jpg,Erica_fervida,Erica,Africa,OW,Ericoideae,sunbird,bird
Erica_filipendula_Baker_Oliver_Erica_1.jpg,Erica_filipendula,Erica,Africa,OW,Ericoideae,sunbird,bird
Erica_fimbriata_side_Baker_Oliver_Erica_1.jpg,Erica_fimbriata,Erica,Africa,OW,Ericoideae,insect,insect
Erica_flavisepala_Oliver.jpg,Erica_flavisepala,Erica,Africa,OW,Ericoideae,-,unknown
Erica_fontana_Baker_Oliver_Erica_2.jpg,Erica_fontana,Erica,Africa,OW,Ericoideae,insect,insect
Erica_formosa_side_Palser.jpg,Erica_formosa,Erica,Africa,OW,Ericoideae,insect,insect
Erica_georgica_Baker_Oliver_Erica_2.jpg,Erica_georgica,Erica,Africa,OW,Ericoideae,-,unknown
Erica_gerhardii_Oliver.jpg,Erica_gerhardii,Erica,Africa,OW,Ericoideae,-,unknown
Erica_gibbosa_Baker_Oliver_Erica_2.jpg,Erica_gibbosa,Erica,Africa,OW,Ericoideae,insect,insect
Erica_glabella_oliver_monograp_119.jpg,Erica_glabella,Erica,Africa,OW,Ericoideae,-,unknown
Erica_glandulosa_bondiae_Oliver.jpg,Erica_glandulosa,Erica,Africa,OW,Ericoideae,insect,insect
Erica_glandulosa_breviflora_Oliver.jpg,Erica_glandulosa,Erica,Africa,OW,Ericoideae,insect,insect
Erica_glandulosa_fourcadei_Oliver.jpg,Erica_glandulosa,Erica,Africa,OW,Ericoideae,insect,insect
Erica_glandulosa_glandulosa_Oliver.jpg,Erica_glandulosa,Erica,Africa,OW,Ericoideae,insect,insect
Erica_glandulosa_side_Palser.jpg,Erica_glandulosa,Erica,Africa,OW,Ericoideae,insect,insect
Erica_glauca_side_Baker_Oliver_Erica_1.jpg,Erica_glauca,Erica,Africa,OW,Ericoideae,insect,insect
Erica_glutinosa_Baker_Oliver_Erica_2.jpg,Erica_glutinosa,Erica,Africa,OW,Ericoideae,insect,long_proboscis_fly
Erica_gracillipes_side_Baker_Oliver_Erica_1.jpg,Erica_gracillipes,Erica,Africa,OW,Ericoideae,insect,insect
Erica_grisbrookei_Baker_Oliver_Erica_3.jpg,Erica_grisbrookei,Erica,Africa,OW,Ericoideae,-,unknown
Erica_haematosiphon_Baker_Oliver_Erica_1.jpg,Erica_haematosiphon,Erica,Africa,OW,Ericoideae,sunbird,bird
Erica_halicacaba_Baker_Oliver_Erica_3.jpg,Erica_halicacaba,Erica,Africa,OW,Ericoideae,insect,insect
Erica_hebdomadalis_Oliver_New Erica.jpg,Erica_hebdomadalis,Erica,Africa,OW,Ericoideae,-,unknown
Erica_hermani_Oliver.jpg,Erica_hermani,Erica,Africa,OW,Ericoideae,insect,insect
Erica_hexensis_Oliver.jpg,Erica_hexensis,Erica,Africa,OW,Ericoideae,-,unknown
Erica_hibbertia_Baker_Oliver_Erica_1.jpg,Erica_hibbertia,Erica,Africa,OW,Ericoideae,sunbird,bird
Erica_hispiduloides_Oliver.jpg,Erica_hispiduloides,Erica,Africa,OW,Ericoideae,insect,wind
Erica_hitiflora_Matthews1927.jpg,Erica_hirtiflora,Erica,Africa,OW,Ericoideae,insect,insect
Erica_hottentotica_Oliver.jpg,Erica_hottentotica,Erica,Africa,OW,Ericoideae,insect,insect
Erica_humidicola_Oliver.jpg,Erica_humidicola,Erica,Africa,OW,Ericoideae,insect,insect
Erica_ignita_Oliver.jpg,Erica_ignita,Erica,Africa,OW,Ericoideae,-,unknown
Erica_imbricata_Baker_Oliver_Erica_2.jpg,Erica_imbricata,Erica,Africa,OW,Ericoideae,insect,insect
Erica_imbricata_side_Baker_Oliver_Erica_1.jpg,Erica_imbricata,Erica,Africa,OW,Ericoideae,insect,insect
Erica_inaequalis_Oliver.jpg,Erica_inaequalis,Erica,Africa,OW,Ericoideae,insect,insect
Erica_inflata_side_Baker_Oliver_Erica_1.jpg,Erica_inflata,Erica,Africa,OW,Ericoideae,insect,insect
Erica_inflaticalyx_Oliver.jpg,Erica_inflaticalyx,Erica,Africa,OW,Ericoideae,-,unknown
Erica_innovans_oliver_monograp_156.jpg,Erica_innovans,Erica,Africa,OW,Ericoideae,insect,insect
Erica_interrupta_oliver_monograp_141.jpg,Erica_interrupta,Erica,Africa,OW,Ericoideae,insect,insect
Erica_involucrata_Baker_Oliver_Erica_2.jpg,Erica_involucrata,Erica,Africa,OW,Ericoideae,insect,insect
Erica_ioniana_Oliver.jpg,Erica_ioniana,Erica,Africa,OW,Ericoideae,-,unknown
Erica_jacksoniana_Oliver_monograp_359.jpg,Erica_jacksoniana,Erica,Africa,OW,Ericoideae,insect,insect
Erica_jananthus_Oliver.jpg,Erica_jananthus,Erica,Africa,OW,Ericoideae,-,unknown
Erica_jasminiflora_side_Baker_Oliver_Erica_1.jpg,Erica_jasminiflora,Erica,Africa,OW,Ericoideae,insect,insect
Erica_jasminiflora_side_Baker_Oliver.jpg,Erica_jasminiflora,Erica,Africa,OW,Ericoideae,insect,insect
Erica_jonasiana_oliver_monograp_335.jpg,Erica_jonasiana,Erica,Africa,OW,Ericoideae,insect,insect
Erica_junonia_side_Baker_Oliver.jpg,Erica_junonia,Erica,Africa,OW,Ericoideae,insect,insect
Erica_kammanassieae_Oliver.jpg,Erica_kammanassieae,Erica,Africa,OW,Ericoideae,-,unknown
Erica_karwyderi_oliver_monograp_338.jpg,Erica_karwyderi,Erica,Africa,OW,Ericoideae,insect,insect
Erica_kogelbergensis_Oliver.jpg,Erica_kogelbergensis,Erica,Africa,OW,Ericoideae,-,unknown
Erica_labialis_oliver_monograp_181.jpg,Erica_labialis,Erica,Africa,OW,Ericoideae,insect,insect
Erica_lanathera_side_Baker_Oliver_Erica_1.jpg,Erica_lanathera,Erica,Africa,OW,Ericoideae,insect,insect
Erica_lateriflora_Oliver.jpg,Erica_lateriflora,Erica,Africa,OW,Ericoideae,insect,insect
Erica_latituba_Oliver.jpg,Erica_latituba,Erica,Africa,OW,Ericoideae,-,unknown
Erica_leucotrachela_Oliver.jpg,Erica_leucotrachela,Erica,Africa,OW,Ericoideae,sunbird,bird
Erica_limnophila_Oliver.jpg,Erica_limnophila,Erica,Africa,OW,Ericoideae,-,unknown
Erica_lithophila_Oliver.jpg,Erica_lithophila,Erica,Africa,OW,Ericoideae,-,unknown
Erica_lucida_side_Baker_Oliver_Erica_1.jpg,Erica_lucida,Erica,Africa,OW,Ericoideae,insect,insect
Erica_lutea_Baker&Oliver_Erica2_2.jpg,Erica_lutea,Erica,Africa,OW,Ericoideae,insect,insect
Erica_macowanii_Oliver.jpg,Erica_macowanii,Erica,Africa,OW,Ericoideae,sunbird,bird
Erica_magestrati_Oliver.jpg,Erica_magestrati,Erica,Africa,OW,Ericoideae,-,unknown
Erica_magnissylvae_Oliver.jpg,Erica_magnissylvae,Erica,Africa,OW,Ericoideae,-,unknown
Erica_malmesburiensis_oliver_monograp_161.jpg,Erica_malmesburiensis,Erica,Africa,OW,Ericoideae,-,unknown
Erica_mammosa_Baker_Oliver_Erica_1.jpg,Erica_mammosa,Erica,Africa,OW,Ericoideae,sunbird,bird
Erica_mammosa_side_Baker_Oliver_Erica_1.jpg,Erica_mammosa,Erica,Africa,OW,Ericoideae,sunbird,bird
Erica_mediterranea_stamens_Palser.jpg,Erica_mediterranea,Erica,Europe,OW,Ericoideae,-,unknown
Erica_melanaceme_Baker&Oliver_Erica_2.jpg,Erica_melanaceme,Erica,Africa,OW,Ericoideae,insect,insect
Erica_melanomontana_Oliver_monograp_430.jpg,Erica_melanomontana,Erica,Africa,OW,Ericoideae,-,unknown
Erica_micrandra_anther_Baker_Oliver_Erica_1.jpg,Erica_micrandra,Erica,Africa,OW,Ericoideae,-,unknown
Erica_miniscula_Oliver_monograp_433.jpg,Erica_miniscula,Erica,Africa,OW,Ericoideae,-,unknown
Erica_mira_anther_Baker_Oliver_Erica_1.jpg,Erica_mira,Erica,Africa,OW,Ericoideae,-,unknown
Erica_montis-hominis_Oliver.jpg,Erica_montis-hominis,Erica,Africa,OW,Ericoideae,-,unknown
Erica_mucosa_Oliver_monograp_412.jpg,Erica_mucosa,Erica,Africa,OW,Ericoideae,-,unknown
Erica_multumbellifera_anther_Baker_Oliver_Erica_1.jpg,Erica_multumbellifera,Erica,Africa,OW,Ericoideae,insect,insect
Erica_nabea_Baker_Oliver_Erica_3.jpg,Erica_nabea,Erica,Africa,OW,Ericoideae,insect,insect
Erica_navigatoris_Oliver_Three_New_Erica.jpg,Erica_navigatoris,Erica,Africa,OW,Ericoideae,-,unknown
Erica_niveniana_Oliver.jpg,Erica_niveniana,Erica,Africa,OW,Ericoideae,-,unknown
Erica_oatesii_Baker_Oliver_Erica_1.jpg,Erica_oatesii,Erica,Africa,OW,Ericoideae,-,unknown
Erica_obliqua_Baker_Oliver_Erica_2.jpg,Erica_obliqua,Erica,Africa,OW,Ericoideae,insect,insect
Erica_obtusata_Baker&Oliver_Erica_2.jpg,Erica_obtusata,Erica,Africa,OW,Ericoideae,insect,insect
Erica_oreotragus_Oliver.jpg,Erica_oreotragus,Erica,Africa,OW,Ericoideae,-,unknown
Erica_outeniquae_Oliver_monograp_348.jpg,Erica_outeniquae,Erica,Africa,OW,Ericoideae,-,unknown
Erica_parviporandra_Oliver_monograp_372.jpg,Erica_parviporandra,Erica,Africa,OW,Ericoideae,insect,wind
Erica_patersonia_stamens_Palser.jpg,Erica_patersonia,Erica,Africa,OW,Ericoideae,sunbird,bird
Erica_paucifolia_paucifolia_Oliver.jpg,Erica_paucifolia,Erica,Africa,OW,Ericoideae,insect,insect
Erica_perplexa_Oliver_monograp_362.jpg,Erica_perplexa,Erica,Africa,OW,Ericoideae,-,unknown
Erica_perspicua_Oliver.jpg,Erica_perspicua,Erica,Africa,OW,Ericoideae,sunbird,bird
Erica_phacelanthera_Oliver_monograp_418.jpg,Erica_phacelanthera,Erica,Africa,OW,Ericoideae,insect,wind
Erica_phaeocarpa_Oliver.jpg,Erica_phaeocarpa,Erica,Africa,OW,Ericoideae,-,unknown
Erica_physodes_Baker_Oliver_Erica_2.jpg,Erica_physodes,Erica,Africa,OW,Ericoideae,insect,insect
Erica_pilosiflora_Oliver.jpg,Erica_pilosiflora,Erica,Africa,OW,Ericoideae,insect,insect
Erica_piquetbergensis_oliver_monograp_124.jpg,Erica_piquetbergensis,Erica,Africa,OW,Ericoideae,-,unknown
Erica_platycalyx_oliver_monograp_342.jpg,Erica_platycalyx,Erica,Africa,OW,Ericoideae,-,unknown
Erica_prolata_Oliver.jpg,Erica_prolata,Erica,Africa,OW,Ericoideae,sunbird,bird
Erica_propendens_Schumann_Erica_pt2.jpg,Erica_propendens,Erica,Africa,OW,Ericoideae,insect,insect
Erica_psittacina_Oliver.jpg,Erica_psittacina,Erica,Africa,OW,Ericoideae,-,unknown
Erica_puberulifera_Oliver.jpg,Erica_puberulifera,Erica,Africa,OW,Ericoideae,-,unknown
Erica_pubescens_Baker_Oliver_Erica_2.jpg,Erica_pubescens,Erica,Africa,OW,Ericoideae,insect,insect
Erica_pulchelliflora_oliver_monograp_150.jpg,Erica_pulchelliflora,Erica,Africa,OW,Ericoideae,-,unknown
Erica_pyxidiflora_anther_Baker_Oliver_Erica_1.jpg,Erica_pyxidiflora,Erica,Africa,OW,Ericoideae,insect,insect
Erica_quadrifida_Oliver.jpg,Erica_quadrifida,Erica,Africa,OW,Ericoideae,-,unknown
Erica_radicans_oliver_monograp_136.jpg,Erica_radicans,Erica,Africa,OW,Ericoideae,-,unknown
Erica_recurvifolia_oliver_monograp_296.jpg,Erica_recurvifolia,Erica,Africa,OW,Ericoideae,-,unknown
Erica_regia_Baker_Oliver_Erica_1.jpg,Erica_regia,Erica,Africa,OW,Ericoideae,sunbird,bird
Erica_remota_Oliver_monograp_376.jpg,Erica_remota,Erica,Africa,OW,Ericoideae,insect,wind
Erica_retorta_Baker_Oliver_Erica_1.jpg,Erica_retorta,Erica,Africa,OW,Ericoideae,insect,long_proboscis_fly
Erica_richardii_Oliver.jpg,Erica_richardii,Erica,Africa,OW,Ericoideae,-,unknown
Erica_rimarum_Oliver.jpg,Erica_rimarum,Erica,Africa,OW,Ericoideae,-,unknown
Erica_rosacea_Oliver.jpg,Erica_rosacea,Erica,Africa,OW,Ericoideae,insect,insect
Erica_rugata_Oliver.jpg,Erica_rugata,Erica,Africa,OW,Ericoideae,insect,wind
Erica_rusticola_Oliver.jpg,Erica_rusticola,Erica,Africa,OW,Ericoideae,-,unknown
Erica_ruwenzoriensis_stamens_Palser.jpg,Erica_ruwenzoriensis,Erica,Africa,OW,Ericoideae,-,unknown
Erica_schelpeorum_Oliver.jpg,Erica_schelpeorum,Erica,Africa,OW,Ericoideae,-,unknown
Erica_scytophylla_Baker_Oliver_Erica_2.jpg,Erica_scytophylla,Erica,Africa,OW,Ericoideae,insect,insect
Erica_seriphiifolia_Matthews_stamendevel.jpg,Erica_seriphiifolia,Erica,Africa,OW,Ericoideae,insect,insect
Erica_serrata_Oliver_monograp_406.jpg,Erica_serrata,Erica,Africa,OW,Ericoideae,insect,wind
Erica_sessiliflora_stamens_Palser.jpg,Erica_sessiliflora,Erica,Africa,OW,Ericoideae,sunbird,bird
Erica_shannonea_Baker_Oliver_Erica_1.jpg,Erica_shannonea,Erica,Africa,OW,Ericoideae,insect,long_proboscis_fly
Erica_similis_oliver_monograp_164.jpg,Erica_similis,Erica,Africa,OW,Ericoideae,insect,insect
Erica_spectabilis_Schumann_Erica_pt3.jpg,Erica_spectabilis,Erica,Africa,OW,Ericoideae,insect,insect
Erica_sphaerocephala_Oliver.jpg,Erica_sphaerocephala,Erica,Africa,OW,Ericoideae,insect,insect
Erica_spiculifolia_Stevens.jpg,Erica_spiculifolia,Erica,Europe,OW,Ericoideae,-,unknown
Erica_spumosa_anther_Baker_Oliver_Erica_1.jpg,Erica_spumosa,Erica,Africa,OW,Ericoideae,insect,insect
Erica_stagnalis_Oliver.jpg,Erica_stagnalis,Erica,Africa,OW,Ericoideae,sunbird,bird
Erica_stokeanthus_Oliver.jpg,Erica_stokeanthus,Erica,Africa,OW,Ericoideae,-,unknown
Erica_stokoeanthus_Oliver_monograp_355.jpg,Erica_stokoeanthus,Erica,Africa,OW,Ericoideae,insect,wind
Erica_strigilifolia_Baker_Oliver_Erica_1.jpg,Erica_strigilifolia,Erica,Africa,OW,Ericoideae,sunbird,bird
Erica_subcapitata_Oliver.jpg,Erica_subcapitata,Erica,Africa,OW,Ericoideae,-,unknown
Erica_swaziensis_Oliver.jpg,Erica_swaziensis,Erica,Africa,OW,Ericoideae,-,unknown
Erica_tarantulae_Oliver.jpg,Erica_tarantulae,Erica,Africa,OW,Ericoideae,-,unknown
Erica_taxifolia_Baker_Oliver_Erica_2.jpg,Erica_taxifolia,Erica,Africa,OW,Ericoideae,insect,insect
Erica_taylorii_Oliver.jpg,Erica_taylorii,Erica,Africa,OW,Ericoideae,-,unknown
Erica_tegetiformis_Oliver.jpg,Erica_tegetiformis,Erica,Africa,OW,Ericoideae,-,unknown
Erica_tenuifolia_Schumann_Erica_pt4.jpg,Erica_tenuifolia,Erica,Africa,OW,Ericoideae,insect,insect
Erica_tenuis_Baker_Oliver_Erica_2.jpg,Erica_tenuis,Erica,Africa,OW,Ericoideae,insect,insect
Erica_terniflora_Oliver_monograp_400.jpg,Erica_terniflora,Erica,Africa,OW,Ericoideae,-,unknown
Erica_tetralix_Else_stamen.jpg,Erica_tetralix,Erica,Europe,OW,Ericoideae,insect,insect
Erica_thamnoides_oliver_monograp_331.jpg,Erica_thamnoides,Erica,Africa,OW,Ericoideae,-,unknown
Erica_thimifolia_stamens_Palser.jpg,Erica_thimifolia,Erica,Africa,OW,Ericoideae,insect,insect
Erica_thomae_Baker_Oliver_Erica_1.jpg,Erica_thomae,Erica,Africa,OW,Ericoideae,sunbird,bird
Erica_thunbergii_Oliver.jpg,Erica_thunbergii,Erica,Africa,OW,Ericoideae,insect,insect
Erica_totta_Oliver.jpg,Erica_totta,Erica,Africa,OW,Ericoideae,-,unknown
Erica_tragomontana_Turner_New_Erica.jpg,Erica_tragomontana,Erica,Africa,OW,Ericoideae,-,unknown
Erica_turneri_Turner.jpg,Erica_turneri,Erica,Africa,OW,Ericoideae,-,unknown
Erica_uberiflora_oliver_monograp_172.jpg,Erica_uberiflora,Erica,Africa,OW,Ericoideae,insect,insect
Erica_umbratica_Oliver.jpg,Erica_umbratica,Erica,Africa,OW,Ericoideae,-,unknown
Erica_urceolata_Oliver_monograp_425.jpg,Erica_urceolata,Erica,Africa,OW,Ericoideae,insect,wind
Erica_vagans_Matthews_stamendevel.jpg,Erica_vagans,Erica,Europe,OW,Ericoideae,insect,insect
Erica_vallis-fluminis_Oliver.jpg,Erica_vallis-fluminis,Erica,Africa,OW,Ericoideae,-,unknown
Erica_veitchii_Matthews_stamendevel.jpg,Erica_veitchii,Erica,Europe,OW,Ericoideae,-,unknown
Erica_velatiflora_Oliver.jpg,Erica_velatiflora,Erica,Africa,OW,Ericoideae,-,unknown
Erica_ventricosa_Baker_Oliver_Erica_2.jpg,Erica_ventricosa,Erica,Africa,OW,Ericoideae,insect,long_proboscis_fly
Erica_venustiflora_oliver_monograp_152.jpg,Erica_venustiflora,Erica,Africa,OW,Ericoideae,-,unknown
Erica_vernicosa_Oliver.jpg,Erica_vernicosa,Erica,Africa,OW,Ericoideae,insect,insect
Erica_versicolor_stamens_Palser.jpg,Erica_versicolor,Erica,Africa,OW,Ericoideae,sunbird,bird
Erica_verticillata_Oliver.jpg,Erica_verticillata,Erica,Africa,OW,Ericoideae,sunbird,bird
Erica_viminalis_Oliver.jpg,Erica_viminalis,Erica,Africa,OW,Ericoideae,-,unknown
Erica_viridiflora_Baker_Oliver_Erica_1.jpg,Erica_viridiflora,Erica,Africa,OW,Ericoideae,-,unknown
Erica_viridimontana_Oliver.jpg,Erica_viridimontana,Erica,Africa,OW,Ericoideae,-,unknown
Erica_viscosissima_Oliver.jpg,Erica_viscosissima,Erica,Africa,OW,Ericoideae,-,unknown
Erica_volkii_oliver_monograp_344.jpg,Erica_volkii,Erica,Africa,OW,Ericoideae,-,unknown
Erica_williamsorum_Oliver.jpg,Erica_williamsorum,Erica,Africa,OW,Ericoideae,-,unknown
Erica_woodii_Baker_Oliver_Erica_2.jpg,Erica_woodii,Erica,Africa,OW,Ericoideae,insect,insect
Erica_xeranthemifolia_Oliver.jpg,Erica_xeranthemifolia,Erica,Africa,OW,Ericoideae,insect,insect
Erica_zeyheriana_Oliver.jpg,Erica_zeyheriana,Erica,Africa,OW,Ericoideae,-,unknown
Eubotrys_recurva_Britton.jpg,Eubotrys_recurva,Eubotrys,North_America,NW,Vaccinioideae,-,unknown
Gaultheria_amoena_NYBG.jpg,Gaultheria_amoena,Gaultheria,South_America,NW,Vaccinioideae,insect,insect
Gaultheria_antarctica_Hooker.jpg,Gaultheria_antarctica,Gaultheria,South_America,NW,Vaccinioideae,insect,insect
Gaultheria_borneensis_Stapf.jpg,Gaultheria_borneensis,Gaultheria,Asia,OW,Vaccinioideae,insect,insect
Gaultheria_buxifolia_Luteyn_Ericaceae_56.jpg,Gaultheria_buxifolia,Gaultheria,South_America,NW,Vaccinioideae,insect,insect
Gaultheria_caespitosa_Poeppig.jpg,Gaultheria_caespitosa,Gaultheria,South_America,NW,Vaccinioideae,insect,insect
Gaultheria_corvensis_Brasil.jpg,Gaultheria_corvensis,Gaultheria,South_America,NW,Vaccinioideae,insect,insect
Gaultheria_erecta_Luteyn.jpg,Gaultheria_erecta,Gaultheria,South_America,NW,Vaccinioideae,insect,insect
Gaultheria_eriophylla_Freitas.jpg,Gaultheria_eriophylla,Gaultheria,South_America,NW,Vaccinioideae,hummingbird,bird
Gaultheria_foliolosa_Luteyn_Ericaceae_54.jpg,Gaultheria_foliolosa,Gaultheria,South_America,NW,Vaccinioideae,insect,insect
Gaultheria_gracilis_Tropicos.jpg,Gaultheria_gracilis,Gaultheria,South_America,NW,Vaccinioideae,insect,insect
Gaultheria_hispidula_Wood1961.jpg,Gaultheria_hispidula,Gaultheria,North_America,NW,Vaccinioideae,insect,insect
Gaultheria_humifusa_Hitchcock_PNW.jpg,Gaultheria_humifusa,Gaultheria,North_America,NW,Vaccinioideae,insect,insect
Gaultheria_insana_Curtis.jpg,Gaultheria_insana,Gaultheria,South_America,NW,Vaccinioideae,insect,insect
Gaultheria_lanceolata_Hooker.jpg,Gaultheria_lanceolata,Gaultheria,Australia,OW,Vaccinioideae,insect,insect
Gaultheria_lanigera_NYBG.jpg,Gaultheria_lanigera,Gaultheria,South_America,NW,Vaccinioideae,insect,insect
Gaultheria_macrostigma_Cheeseman.jpg,Gaultheria_macrostigma,Gaultheria,Australia,OW,Vaccinioideae,insect,insect
Gaultheria_megalodonta_Luteyn_Ericaceae_62.jpg,Gaultheria_megalodonta,Gaultheria,South_America,NW,Vaccinioideae,insect,insect
Gaultheria_nummularioides_Tropicos.jpg,Gaultheria_nummularioides,Gaultheria,Asia,OW,Vaccinioideae,insect,insect
Gaultheria_oppositifolia_Hooker.jpg,Gaultheria_oppositifolia,Gaultheria,Australia,OW,Vaccinioideae,insect,insect
Gaultheria_ovatifolia_Hitchcock_PNW.jpg,Gaultheria_ovatifolia,Gaultheria,North_America,NW,Vaccinioideae,insect,insect
Gaultheria_poeppigii_Martius.jpg,Gaultheria_poeppigii,Gaultheria,South_America,NW,Vaccinioideae,insect,insect
Gaultheria_procumbens_Wood1961.jpg,Gaultheria_procumbens,Gaultheria,North_America,NW,Vaccinioideae,insect,insect
Gaultheria_pyroloides_Nakai.jpg,Gaultheria_pyroloides,Gaultheria,Asia,OW,Vaccinioideae,insect,insect
Gaultheria_rupestris_Hooker.jpg,Gaultheria_rupestris,Gaultheria,Australia,OW,Vaccinioideae,insect,insect
Gaultheria_serrata_Freitas.jpg,Gaultheria_serrata,Gaultheria,South_America,NW,Vaccinioideae,hummingbird,bird
Gaultheria_shallon_FNA8_P62_Eubotrys-Gaultheria-Vaccinium.jpg,Gaultheria_shallon,Gaultheria,North_America,NW,Vaccinioideae,insect,insect
Gaultheria_sleumeriana_NYBG.jpg,Gaultheria_sleumeriana,Gaultheria,South_America,NW,Vaccinioideae,insect,insect
Gaultheria_steyermarkii_Luten_New_Ericaceae_13.jpg,Gaultheria_steyermarkii,Gaultheria,South_America,NW,Vaccinioideae,insect,insect
Gaultheria_tasmanica_Hooker.jpg,Gaultheria_tasmanica,Gaultheria,Australia,OW,Vaccinioideae,insect,insect
Gaultheria_tomentosa_Hooker.jpg,Gaultheria_tomentosa,Gaultheria,South_America,NW,Vaccinioideae,insect,insect
Gaylussacia_baccata_side.jpg,Gaylussacia_baccata,Gaylussacia,North_America,NW,Vaccinioideae,insect,insect
Gaylussacia_brasiliensis_Edwards.jpg,Gaylussacia_brasiliensis,Gaylussacia,South_America,NW,Vaccinioideae,hummingbird,bird
Gaylussacia_chamissonis_Freitas.jpg,Gaylussacia_chamissonis,Gaylussacia,South_America,NW,Vaccinioideae,insect,insect
Gaylussacia_densa_Freitas.jpg,Gaylussacia_densa,Gaylussacia,South_America,NW,Vaccinioideae,hummingbird,bird
Gaylussacia_incana_Pohl.jpg,Gaylussacia_incana,Gaylussacia,South_America,NW,Vaccinioideae,-,unknown
Gaylussacia_jordanensis_Freitas.jpg,Gaylussacia_jordanensis,Gaylussacia,South_America,NW,Vaccinioideae,insect,insect
Gaylussacia_loxensis_NYBG.jpg,Gaylussacia_loxensis,Gaylussacia,South_America,NW,Vaccinioideae,-,unknown
Gaylussacia_paranaensis_Brasil.jpg,Gaylussacia_paranaensis,Gaylussacia,South_America,NW,Vaccinioideae,-,unknown
Gonocalyx_amplexicaulis_Luteyn_Syst_Bot.jpg,Gonocalyx_amplexicaulis,Gonocalyx,South_America,NW,Vaccinioideae,hummingbird,bird
Gonocalyx_lilliae_Rodriguez_Gonocalyx.jpg,Gonocalyx_lilliae,Gonocalyx,South_America,NW,Vaccinioideae,hummingbird,bird
Grisebachia_ciliaris_ciliaris_Oliver.jpg,Erica_plumosa,Erica,Africa,OW,Ericoideae,insect,insect
Grisebachia_ciliaris_ciliflora_Oliver.jpg,Erica_plumosa,Erica,Africa,OW,Ericoideae,insect,insect
Grisebachia_incana_Oliver.jpg,Erica_plumosa,Erica,Africa,OW,Ericoideae,insect,insect
Grisebachia_minutiflora_minutiflora_Oliver.jpg,Erica_caprina,Erica,Africa,OW,Ericoideae,-,unknown
Grisebachia_minutiflora_nodiflora_Oliver.jpg,Erica_caprina,Erica,Africa,OW,Ericoideae,-,unknown
Grisebachia_nivenii_Oliver.jpg,Erica_plumosa,Erica,Africa,OW,Ericoideae,insect,insect
Grisebachia_parviflora_Oliver.jpg,Erica_eremioides,Erica,Africa,OW,Ericoideae,insect,insect
Grisebachia_plumosa_Oliver.jpg,Erica_plumosa,Erica,Africa,OW,Ericoideae,insect,insect
Grisebachia_rigida_Oliver.jpg,Erica_plumosa,Erica,Africa,OW,Ericoideae,insect,insect
Grisebachia_secundiflora_Oliver.jpg,Erica_lateriflora,Erica,Africa,OW,Ericoideae,insect,insect
Harimannella_stellariana_Hitchcock_PNW.jpg,Harrimanella_stelleriana,Harrimanella,North_America,NW,Harrimanelloideae,insect,insect
Harrimanella_hypnoides_Stevens.jpg,Harrimanella_hypnoides,Harrimanella,Europe,OW,Harrimanelloideae,-,unknown
Harrimanella_stellariana_FNA8_P59_Harrimanella-Oxydendrum-Pieris.jpg,Harrimanella_stelleriana,Harrimanella,North_America,NW,Harrimanelloideae,insect,insect
Harrimanella_stelleriana_Stevens_1971_3.jpg,Harrimanella_stelleriana,Harrimanella,North_America,NW,Harrimanelloideae,insect,insect
Hornemannia_racemosa_Stevens_1971_4.jpg,Hornemannia_racemosa,Hornemannia,North_America,NW,Vaccinioideae,-,unknown
Kalmia_ericoides_Luteyn_Ericaceae_16.jpg,Kalmia_ericoides,Kalmia,South_America,NW,Ericoideae,insect,insect
Kalmia_latifolia_Copeland_Rhododendroideae.jpg,Kalmia_latifolia,Kalmia,North_America,NW,Ericoideae,insect,insect
Kalmia_latifolia_Rose.jpg,Kalmia_latifolia,Kalmia,North_America,NW,Ericoideae,insect,insect
Kalmia_polifolia_Copeland_Rhododendroideae.jpg,Kalmia_polifolia,Kalmia,North_America,NW,Ericoideae,insect,insect
Kalmia_polifolia_Hitchcock_PNW.jpg,Kalmia_polifolia,Kalmia,North_America,NW,Ericoideae,insect,insect
Kalmiopsis_fragrans_Meinke.jpg,Kalmiopsis_fragrans,Kalmiopsis,North_America,NW,Ericoideae,insect,insect
Kalmiopsis_leachiana_Copeland_Rhododendroideae.jpg,Kalmiopsis_leachiana,Kalmiopsis,North_America,NW,Ericoideae,insect,insect
Kalmiopsis_leachiana_Meinke.jpg,Kalmiopsis_leachiana,Kalmiopsis,North_America,NW,Ericoideae,insect,insect
Lateropora_ovata_Tropicos.jpg,Lateropora_ovata,Lateropora,South_America,NW,Vaccinioideae,hummingbird,bird
Lebetanthus_myrsinites_Arroyo.jpg,Lebetanthus_myrsinites,Lebetanthus,South_America,NW,Styphelioideae,-,unknown
Ledum_glandulosum_Hitchcock_PNW.jpg,Rhododendron_groenlandicum,Ledum,North_America,NW,Ericoideae,insect,insect
Leucopogon_borealis_Hislop.jpg,Leucopogon_borealis,Leucopogon,Australia,OW,Styphelioideae,-,unknown
Leucopogon_cochlearifolius_Strid_New_Leucopogon.jpg,Leucopogon_cochlearifolius,Leucopogon,Australia,OW,Styphelioideae,-,unknown
Leucopogon_conchifolius_Strid_New_Leucopogon.jpg,Leucopogon_conchifolius,Leucopogon,Australia,OW,Styphelioideae,-,unknown
Leucopogon_extremus_Hislop.jpg,Leucopogon_extremus,Leucopogon,Australia,OW,Styphelioideae,-,unknown
Leucopogon_fasciculatus_Cheeseman.jpg,Leucopogon_fasciculatus,Leucopogon,Australia,OW,Styphelioideae,-,unknown
Leucopogon_gracillimus_Strid_New_Leucopogon.jpg,Leucopogon_gracillimus,Leucopogon,Australia,OW,Styphelioideae,-,unknown
Leucopogon_infuscatus_Strid_New_Leucopogon.jpg,Leucopogon_infuscatus,Leucopogon,Australia,OW,Styphelioideae,-,unknown
Leucopogon_lloydiorum_Strid_New_Leucopogon.jpg,Leucopogon_lloydiorum,Leucopogon,Australia,OW,Styphelioideae,-,unknown
Leucopogon_maritimus_Hislop.jpg,Leucopogon_maritimus,Leucopogon,Australia,OW,Styphelioideae,-,unknown
Leucopogon_nitidus_Hislop.jpg,Leucopogon_nitidus,Leucopogon,Australia,OW,Styphelioideae,-,unknown
Leucopogon_paradoxus_Hislop.jpg,Leucopogon_paradoxus,Leucopogon,Australia,OW,Styphelioideae,-,unknown
Leucopogon_parviflorus_De_Lange_Leucopogon.jpg,Leucopogon_parviflorus,Leucopogon,Australia,OW,Styphelioideae,insect,insect
Leucopogon_spectabilis_Hislop.jpg,Leucopogon_spectabilis,Leucopogon,Australia,OW,Styphelioideae,-,unknown
Leucopogon_stokesii_Hislop.jpg,Leucopogon_stokesii,Leucopogon,Australia,OW,Styphelioideae,-,unknown
Leucopogon_tamminensis_Strid_New_Leucopogon.jpg,Leucopogon_tamminensis,Leucopogon,Australia,OW,Styphelioideae,-,unknown
Leucopogon_tenuicaulis_Hislop.jpg,Leucopogon_tenuicaulis,Leucopogon,Australia,OW,Styphelioideae,-,unknown
Leucopogon_validus_Hislop.jpg,Leucopogon_validus,Leucopogon,Australia,OW,Styphelioideae,-,unknown
Leucopogon_xerampelinus_De_Lange_Leucopogon.jpg,Leucopogon_xerampelinus,Leucopogon,Australia,OW,Styphelioideae,-,unknown
Leucothoe_keiskei_Nakai.jpg,Leucothoe_keiskei,Leucothoe,Asia,OW,Vaccinioideae,-,unknown
Lissanthe_brevistyla_Bean3.jpg,Lissanthe_brevistyla,Lissanthe,Australia,OW,Styphelioideae,-,unknown
Lissanthe_brevistyla_Crayn.jpg,Lissanthe_brevistyla,Lissanthe,Australia,OW,Styphelioideae,-,unknown
Lissanthe_pleurandroides_Crayn.jpg,Lissanthe_pleurandroides,Lissanthe,Australia,OW,Styphelioideae,-,unknown
Lissanthe_pluriloculata_Crayn.jpg,Lissanthe_pluriloculata,Lissanthe,Australia,OW,Styphelioideae,-,unknown
Lissanthe_powelliae_Crayn.jpg,Lissanthe_powelliae,Lissanthe,Australia,OW,Styphelioideae,-,unknown
Lissanthe_rubicunda_Crayn.jpg,Lissanthe_rubicunda,Lissanthe,Australia,OW,Styphelioideae,-,unknown
Lissanthe_sapida_Crayn.jpg,Lissanthe_sapida,Lissanthe,Australia,OW,Styphelioideae,-,unknown
Lissanthe_scabra_Crayn.jpg,Lissanthe_scabra,Lissanthe,Australia,OW,Styphelioideae,-,unknown
Lissanthe_strigosa_Crayn.jpg,Lissanthe_strigosa,Lissanthe,Australia,OW,Styphelioideae,insect,insect
Lissanthe_strigosa_subsp_subulata_Crayn.jpg,Lissanthe_strigosa,Lissanthe,Australia,OW,Styphelioideae,insect,insect
Lyonia_alainii_Luteyn_Ericaceae_33.jpg,Lyonia_alainii,Lyonia,North_America,NW,Vaccinioideae,insect,insect
Lyonia_alpina_Luteyn_Ericaceae_33.jpg,Lyonia_alpina,Lyonia,North_America,NW,Vaccinioideae,insect,insect
Lyonia_buchii_Luteyn_Ericaceae_31.jpg,Lyonia_buchii,Lyonia,North_America,NW,Vaccinioideae,insect,insect
Lyonia_chapaensis_Judd_Lyonia.jpg,Lyonia_chapaensis,Lyonia,Asia,OW,Vaccinioideae,insect,insect
Lyonia_compta_Judd_Lyonia.jpg,Lyonia_compta,Lyonia,Asia,OW,Vaccinioideae,insect,insect
Lyonia_ekmanii_Luteyn_Ericaceae_42.jpg,Lyonia_ekmanii,Lyonia,North_America,NW,Vaccinioideae,insect,insect
Lyonia_foliosa_Stevens_1971_3.jpg,Lyonia_foliosa,Lyonia,Asia,OW,Vaccinioideae,insect,insect
Lyonia_heptamera_Luteyn_Ericaceae_30.jpg,Lyonia_heptamera,Lyonia,South_America,NW,Vaccinioideae,insect,insect
Lyonia_jamaicensis_Luteyn_Ericaceae_38.jpg,Lyonia_jamaicensis,Lyonia,North_America,NW,Vaccinioideae,insect,insect
Lyonia_latifolia_calycosa_Luteyn_Ericaceae_44.jpg,Lyonia_latifolia,Lyonia,South_America,NW,Vaccinioideae,insect,insect
Lyonia_ligustrina_var._ligustrina_Judd_Lyonia.jpg,Lyonia_ligustrina,Lyonia,North_America,NW,Vaccinioideae,insect,insect
Lyonia_lucida_Judd_Lyonia.jpg,Lyonia_lucida,Lyonia,North_America,NW,Vaccinioideae,insect,insect
Lyonia_macrocalyx_Judd_Lyonia.jpg,Lyonia_macrocalyx,Lyonia,Asia,OW,Vaccinioideae,insect,insect
Lyonia_mariana_Judd_Lyonia.jpg,Lyonia_mariana,Lyonia,North_America,NW,Vaccinioideae,insect,insect
Lyonia_myrtilloides_Luteyn_Ericaceae_43.jpg,Lyonia_myrtilloides,Lyonia,South_America,NW,Vaccinioideae,insect,insect
Lyonia_nipensis_Luteyn_Ericaceae_40.jpg,Lyonia_nipensis,Lyonia,South_America,NW,Vaccinioideae,insect,insect
Lyonia_obtusa_Luteyn_Ericaceae_41.jpg,Lyonia_obtusa,Lyonia,North_America,NW,Vaccinioideae,insect,insect
Lyonia_octandra_Luteyn_Ericaceae_38.jpg,Lyonia_octandra,Lyonia,North_America,NW,Vaccinioideae,insect,insect
Lyonia_ovalifolia_var._doyonensis_Judd_Lyonia.jpg,Lyonia_ovalifolia,Lyonia,Asia,OW,Vaccinioideae,insect,insect
Lyonia_ovalifolia_var._elliptica_Judd_Lyonia.jpg,Lyonia_ovalifolia,Lyonia,Asia,OW,Vaccinioideae,insect,insect
Lyonia_ovalifolia_var._lanceolata_Judd_Lyonia.jpg,Lyonia_ovalifolia,Lyonia,Asia,OW,Vaccinioideae,insect,insect
Lyonia_ovalifolia_var._ovalifolia_Judd_Lyonia.jpg,Lyonia_ovalifolia,Lyonia,Asia,OW,Vaccinioideae,insect,insect
Lyonia_ovalifolia_var._rubrovenia_Judd_Lyonia.jpg,Lyonia_ovalifolia,Lyonia,Asia,OW,Vaccinioideae,insect,insect
Lyonia_trinidadensis_Luteyn_Ericaceae_39.jpg,Lyonia_trinidadensis,Lyonia,North_America,NW,Vaccinioideae,insect,insect
Lyonia_truncata_truncata_Luteyn_Ericaceae_34.jpg,Lyonia_truncata,Lyonia,South_America,NW,Vaccinioideae,insect,insect
Lyonia_tuerckheimii_Luteyn_Ericaceae_36.jpg,Lyonia_tuerckheimii,Lyonia,South_America,NW,Vaccinioideae,insect,insect
Lyonia_villosa_Stevens_1971_1.jpg,Lyonia_villosa,Lyonia,Asia,OW,Vaccinioideae,insect,insect
Lyonia_villosa_var._villosa_Judd_Lyonia.jpg,Lyonia_villosa,Lyonia,Asia,OW,Vaccinioideae,insect,insect
Macleania_alata_NYBG.jpg,Macleania_alata,Macleania,South_America,NW,Vaccinioideae,hummingbird,bird
Macleania_cordifolia_Curtis.jpg,Macleania_cordifolia,Macleania,South_America,NW,Vaccinioideae,hummingbird,bird
Macleania_insignis_Luteyn.jpg,Macleania_insignis,Macleania,South_America,NW,Vaccinioideae,hummingbird,bird
Macleania_penduliflora_Luten_New_Ericaceae_12.jpg,Macleania_penduliflora,Macleania,South_America,NW,Vaccinioideae,hummingbird,bird
Macleania_punctata_Matthews_stamendevel.jpg,Macleania_punctata,Macleania,South_America,NW,Vaccinioideae,hummingbird,bird
Macleania_rupestris_Tropicos.jpg,Macleania_rupestris,Macleania,South_America,NW,Vaccinioideae,hummingbird,bird
Macleania_subsessilis_NYBG.jpg,Macleania_subsessilis,Macleania,South_America,NW,Vaccinioideae,hummingbird,bird
Macleania_talamancensis_Luten_Wilbur_New_Ericaceae.jpg,Macleania_talamancensis,Macleania,South_America,NW,Vaccinioideae,hummingbird,bird
Mentzisia_ferrunginia_Hitchcock_PNW.jpg,Menziesia_ferruginea,Menziesia,North_America,NW,Ericoideae,insect,insect
Menziesia_caerulea_Svensk_botanik.jpg,Phyllodoce_caerulea,Phyllodoce,North_America,NW,Ericoideae,insect,insect
Menziesia_ciliicalyx_trees_of_Japan_2.jpg,Menziesia_ciliicalyx,Menziesia,Asia,OW,Ericoideae,insect,insect
Menziesia_ferrungia_Copeland_Rhododendroideae.jpg,Menziesia_ferrungia,Menziesia,North_America,NW,Ericoideae,insect,insect
Menziesia_pentandra_trees_of_Japan.jpg,Menziesia_pentandra,Menziesia,Asia,OW,Ericoideae,insect,insect
Moneses_uniflora_1036_001.jpg,Moneses_uniflora,Moneses,Europe,OW,Pyroloideae,insect,insect
Moneses_uniflora_Gleason_E_NAM.jpg,Moneses_uniflora,Moneses,North_America,NW,Pyroloideae,insect,insect
Moneses_uniflora_Tropicos.jpg,Moneses_uniflora,Moneses,North_America,NW,Pyroloideae,insect,insect
Monotropa_hypopitys_Hitchcock_PNW.jpg,Hypopitys_monotropa,Hypopitys,North_America,NW,Monotropoideae,insect,insect
Monotropa_hypopitys_Tropicos.jpg,Hypopitys_monotropa,Hypopitys,North_America,NW,Monotropoideae,insect,insect
Monotropa_uniflora_Hitchcock_PNW.jpg,Monotropa_uniflora,Monotropa,North_America,NW,Monotropoideae,insect,insect
Monotropsis_odorata_stamen.jpg,Monotropsis_odorata,Monotropsis,North_America,NW,Monotropoideae,insect,insect
Monotropsis_reynoldsiae_stamen1.jpg,Monotropsis_reynoldsiae,Monotropsis,North_America,NW,Monotropoideae,insect,insect
Notopora_schomburgkii_Stevens_1971_4.jpg,Notopora_schomburgkii,Notopora,South_America,NW,Vaccinioideae,-,unknown
Oreothamnus_arboreus_Venter.jpg,Oreothamnus_arboreus,Dracophyllum,Australia,OW,Styphelioideae,-,unknown
Oreothamnus_cockayneanus_Venter.jpg,Oreothamnus_cockayneanus,Dracophyllum,Australia,OW,Styphelioideae,-,unknown
Oreothamnus_patens_Venter.jpg,Oreothamnus_patens,Dracophyllum,Australia,OW,Styphelioideae,-,unknown
Oreothamnus_prostratus_Venter.jpg,Oreothamnus_prostratus,Dracophyllum,Australia,OW,Styphelioideae,-,unknown
Oreothamnus_sinclairii_Venter.jpg,Oreothamnus_sinclairii,Dracophyllum,Australia,OW,Styphelioideae,-,unknown
Orthaea_madidiensis_Pedraza.jpg,Orthaea_madidiensis,Orthaea,South_America,NW,Vaccinioideae,hummingbird,bird
Orthaea_medusula_Salinas_Pedraza_New_Orthaea.jpg,Orthaea_medusula,Orthaea,South_America,NW,Vaccinioideae,hummingbird,bird
Orthaea_panamensis_Luteyn.jpg,Orthaea_panamensis,Orthaea,South_America,NW,Vaccinioideae,hummingbird,bird
Orthilia_secunda_1036_001.jpg,Orthilia_secunda,Orthilia,North_America,NW,Pyroloideae,insect,insect
Orthilia_secunda_Hitchcock_PNW.jpg,Orthilia_secunda,Orthilia,North_America,NW,Pyroloideae,insect,insect
Orthilia_secunda_Luteyn_Ericaceae_3.jpg,Orthilia_secunda,Orthilia,North_America,NW,Pyroloideae,insect,insect
Paphia_paniensis_Venter_New_Paphia.jpg,Paphia_paniensis,Paphia,Asia,OW,Vaccinioideae,-,unknown
Pentachondra_dehiscence_Cherry.jpg,Pentachondra_dehiscence,Pentachondra,Asia,OW,Styphelioideae,-,unknown
Pentachondra_ericifolia_Hooker.jpg,Pentachondra_ericifolia,Pentachondra,Australia,OW,Styphelioideae,-,unknown
Pernettya_prostrata_Luteyn.jpg,Pernettya_prostrata,Pernettya,South_America,NW,Vaccinioideae,insect,insect
Pernettya_rigida_Anderson.jpg,Pernettya_rigida,Pernettya,South_America,NW,Vaccinioideae,insect,wind
Pernettyopsis_malayana_Stevens_1971_3.jpg,Pernettyopsis_malayana,Pernettyopsis,Asia,OW,Vaccinioideae,-,unknown
Phyllodoce_caerulea_Stevens.jpg,Phyllodoce_caerulea,Phyllodoce,North_America,NW,Ericoideae,insect,insect
Phyllodoce_deflexa_YanPi.jpg,Phyllodoce_deflexa,Phyllodoce,Asia,OW,Ericoideae,insect,insect
Phyllodoce_empetriformis_Hitchcock_PNW.jpg,Phyllodoce_empetriformis,Phyllodoce,North_America,NW,Ericoideae,insect,insect
Phyllodoce_glanduliflora_Copeland_Rhododendroideae.jpg,Phyllodoce_glanduliflora,Phyllodoce,North_America,NW,Ericoideae,insect,insect
Phyllodoce_glanduliflora_Hitchcock_PNW.jpg,Phyllodoce_glanduliflora,Phyllodoce,North_America,NW,Ericoideae,insect,insect
Pieris_bracteata_stamendevel.jpg,Vaccinium_mandarinorum,Vaccinium,Asia,OW,Vaccinioideae,-,unknown
Pieris_cubensis_Luteyn_Ericaceae_48.jpg,Pieris_cubensis,Pieris,North_America,NW,Vaccinioideae,insect,insect
Pieris_cubensis_side_no_awn_Judd_1982.jpg,Pieris_cubensis,Pieris,North_America,NW,Vaccinioideae,insect,insect
Pieris_floribunda_Wood1961.jpg,Pieris_floribunda,Pieris,North_America,NW,Vaccinioideae,insect,insect
Pieris_formosa_side_no_awn_Judd_1982.jpg,Pieris_formosa,Pieris,Asia,OW,Vaccinioideae,insect,insect
Pieris_formosa_Stevens_1971_3.jpg,Pieris_formosa,Pieris,Asia,OW,Vaccinioideae,insect,insect
Pieris_forrestii_stamendevel.jpg,Pieris_formosa,Pieris,Asia,OW,Vaccinioideae,insect,insect
Pieris_japonica_side_no_awn_Judd_1982.jpg,Pieris_japonica,Pieris,Asia,OW,Vaccinioideae,insect,insect
Pieris_japonica_stamendevel.jpg,Pieris_japonica,Pieris,Asia,OW,Vaccinioideae,insect,insect
Pieris_japonica_Tropicos.jpg,Pieris_japonica,Pieris,Asia,OW,Vaccinioideae,insect,insect
Pieris_nana_Nakai.jpg,Pieris_nana,Pieris,Asia,OW,Vaccinioideae,insect,insect
Pieris_nana_side_no_awn_Judd_1982.jpg,Pieris_nana,Pieris,Asia,OW,Vaccinioideae,insect,insect
Pieris_ovalifolia_stamendevel.jpg,Pieris_ovalifolia,Pieris,Asia,OW,Vaccinioideae,insect,insect
Pieris_phillyreifolia_FNA8_P59_Harrimanella-Oxydendrum-Pieris.jpg,Pieris_phillyreifolia,Pieris,North_America,NW,Vaccinioideae,insect,insect
Pieris_phillyreifolia_side_no_awn_Judd_1982.jpg,Pieris_phillyreifolia,Pieris,North_America,NW,Vaccinioideae,insect,insect
Pieris_phyllireifolia_Wood1961.jpg,Pieris_phillyreifolia,Pieris,North_America,NW,Vaccinioideae,insect,insect
Pieris_swinhoei_side_no_awn_Judd_1982.jpg,Pieris_swinhoei,Pieris,Asia,OW,Vaccinioideae,insect,insect
Pieris_swinhoei_Stevens_1971_3.jpg,Pieris_swinhoei,Pieris,Asia,OW,Vaccinioideae,insect,insect
Pieris_villosa_stamendevel.jpg,Pieris_villosa,Pieris,Asia,OW,Vaccinioideae,insect,insect
Pityopus_californicus_1036_001.jpg,Pityopus_californicus,Pityopus,North_America,NW,Monotropoideae,insect,insect
Pityopus_californicus_Hitchcock_PNW.jpg,Pityopus_californicus,Pityopus,North_America,NW,Monotropoideae,insect,insect
Planocarpa_petiolaris_Hooker.jpg,Planocarpa_petiolaris,Planocarpa,Australia,OW,Ericoideae,-,unknown
Pleuricospora_fimbriolata_Hitchcock_PNW.jpg,Pleuricospora_fimbriolata,Pleuricospora,North_America,NW,Monotropoideae,insect,insect
Plutarchia_ecuadorensis_Luteyn_Plutarchia_ecuadorensis.jpg,Plutarchia_ecuadorensis,Plutarchia,South_America,NW,Vaccinioideae,hummingbird,bird
Prionothes_cerinthoides_Arroyo.jpg,Prionotes_cerinthoides,Prionothes,Australia,OW,Vaccinioideae,honeyeater,bird
Psammisa_oppositiflora_Luten_New_Ericaceae_6.jpg,Psammisa_oppositiflora,Psammisa,South_America,NW,Vaccinioideae,hummingbird,bird
Psammisia_aberrans_NYBG.jpg,Psammisia_aberrans,Psammisia,South_America,NW,Vaccinioideae,hummingbird,bird
Psammisia_amazonica_NYBG.jpg,Psammisia_amazonica,Psammisia,South_America,NW,Vaccinioideae,hummingbird,bird
Psammisia_aurantica_NYBG.jpg,Psammisia_aurantica,Psammisia,South_America,NW,Vaccinioideae,hummingbird,bird
Psammisia_citrina_Luten_Sylva_New_Ericaceae.jpg,Psammisia_citrina,Psammisia,South_America,NW,Vaccinioideae,hummingbird,bird
Psammisia_coccinea_RK_NYBGH_5.jpg,Psammisia_coccinea,Psammisia,South_America,NW,Vaccinioideae,hummingbird,bird
Psammisia_flaviflora_NYBG.jpg,Psammisia_flaviflora,Psammisia,South_America,NW,Vaccinioideae,hummingbird,bird
Psammisia_incana_NYBG.jpg,Psammisia_incana,Psammisia,South_America,NW,Vaccinioideae,hummingbird,bird
Psammisia_mediobullata_Luten_Sylva_New_Ericaceae.jpg,Psammisia_mediobullata,Psammisia,South_America,NW,Vaccinioideae,hummingbird,bird
Psammisia_montana_NYBG.jpg,Psammisia_montana,Psammisia,South_America,NW,Vaccinioideae,hummingbird,bird
Psammisia_pinnata_Pedraza_Phytokeys_new_species.jpg,Psammisia_pinnata,Psammisia,South_America,NW,Vaccinioideae,hummingbird,bird
Psammisia_pseudoverticillata_Pedraza_Phytokeys_new_species.jpg,Psammisia_pseudoverticillata,Psammisia,South_America,NW,Vaccinioideae,hummingbird,bird
Psammisia_pterocalyx_NYBG.jpg,Psammisia_pterocalyx,Psammisia,South_America,NW,Vaccinioideae,hummingbird,bird
Psammisia_ramiflora_Tropicos.jpg,Psammisia_ramiflora,Psammisia,South_America,NW,Vaccinioideae,hummingbird,bird
Psammisia_sophiae_Pedraza_Phytokeys_new_species2.jpg,Psammisia_sophiae,Psammisia,South_America,NW,Vaccinioideae,hummingbird,bird
Pterospora_andromedea_1036_001.jpg,Pterospora_andromedea,Pterospora,North_America,NW,Monotropoideae,insect,insect
Pterospora_andromedea_Gleason_E_NAM.jpg,Pterospora_andromedea,Pterospora,North_America,NW,Monotropoideae,insect,insect
Pterospora_andromedea_Hitchcock_PNW.jpg,Pterospora_andromedea,Pterospora,North_America,NW,Monotropoideae,insect,insect
Purdiaea_bissei_Berazain.jpg,Purdiaea_bissei,Purdiaea,North_America,NW,NA,NA,NA
Pyrola_americana_1036_001.jpg,Pyrola_americana,Pyrola,North_America,NW,Pyroloideae,insect,insect
Pyrola_americana_Gleason_E_NAM.jpg,Pyrola_americana,Pyrola,North_America,NW,Pyroloideae,insect,insect
Pyrola_angustifolia_Luteyn_Ericaceae_4.jpg,Pyrola_angustifolia,Pyrola,South_America,NW,Pyroloideae,insect,insect
Pyrola_asarifolia_Hitchcock_PNW.jpg,Pyrola_asarifolia,Pyrola,North_America,NW,Pyroloideae,insect,insect
Pyrola_asarifolia_Tropicos.jpg,Pyrola_asarifolia,Pyrola,North_America,NW,Pyroloideae,insect,insect
Pyrola_chlorantha_Hitchcock_PNW.jpg,Pyrola_chlorantha,Pyrola,Europe,OW,Pyroloideae,insect,insect
Pyrola_dahurica_Tropicos.jpg,Pyrola_dahurica,Pyrola,Asia,OW,Pyroloideae,insect,insect
Pyrola_dentata_Hitchcock_PNW.jpg,Pyrola_dentata,Pyrola,North_America,NW,Pyroloideae,insect,insect
Pyrola_elliptica_Gleason_E_NAM.jpg,Pyrola_elliptica,Pyrola,North_America,NW,Pyroloideae,insect,insect
Pyrola_elliptica_Hitchcock_PNW.jpg,Pyrola_elliptica,Pyrola,North_America,NW,Pyroloideae,insect,insect
Pyrola_grandiflora_Gleason_E_NAM.jpg,Pyrola_grandiflora,Pyrola,Europe,OW,Pyroloideae,insect,insect
Pyrola_japonica_Tropicos.jpg,Pyrola_japonica,Pyrola,Asia,OW,Pyroloideae,insect,insect
Pyrola_macrocalyx_Tropicos.jpg,Pyrola_macrocalyx,Pyrola,Asia,OW,Pyroloideae,insect,insect
Pyrola_minor_1036_001.jpg,Pyrola_minor,Pyrola,North_America,NW,Pyroloideae,insect,insect
Pyrola_minor_Hitchcock_PNW.jpg,Pyrola_minor,Pyrola,North_America,NW,Pyroloideae,insect,insect
Pyrola_picta_FNA8_P42_.jpg,Pyrola_picta,Pyrola,North_America,NW,Pyroloideae,insect,insect
Pyrola_picta_Hitchcock_PNW.jpg,Pyrola_picta,Pyrola,North_America,NW,Pyroloideae,insect,insect
Pyrola_tschanbaischanica_Tropicos.jpg,Pyrola_tschanbaischanica,Pyrola,Asia,OW,Pyroloideae,insect,insect
Rhododendron_aberconwayi_Tropicos.jpg,Rhododendron_aberconwayi,Rhododendron,Asia,OW,Ericoideae,-,unknown
Rhododendron_adenanthum_Tropicos.jpg,Rhododendron_adenanthum,Rhododendron,Asia,OW,Ericoideae,-,unknown
Rhododendron_adenogynum_Tropicos.jpg,Rhododendron_adenogynum,Rhododendron,Asia,OW,Ericoideae,-,unknown
Rhododendron_alabamense_Kron_Pentanthera.jpg,Rhododendron_alabamense,Rhododendron,North_America,NW,Ericoideae,-,unknown
Rhododendron_albrechtii_Nakai.jpg,Rhododendron_albrechtii,Rhododendron,Asia,OW,Ericoideae,-,unknown
Rhododendron_amagianum_SECT._BRACHYCALYX.jpg,Rhododendron_amagianum,Rhododendron,Asia,OW,Ericoideae,-,unknown
Rhododendron_apoanum_Copeland_1929.jpg,Rhododendron_apoanum,Rhododendron,Asia,OW,Ericoideae,-,unknown
Rhododendron_arborescens_Kron_Pentanthera.jpg,Rhododendron_arborescens,Rhododendron,North_America,NW,Ericoideae,-,unknown
Rhododendron_arboreum_Sm.jpg,Rhododendron_arboreum,Rhododendron,Asia,OW,Ericoideae,-,unknown
Rhododendron_atropunicum_Tropicos.jpg,Rhododendron_atropunicum,Rhododendron,Asia,OW,Ericoideae,-,unknown
Rhododendron_augustinii_Davidan_side_vol1.jpg,Rhododendron_augustinii,Rhododendron,Asia,OW,Ericoideae,-,unknown
Rhododendron_barkamense_Tropicos.jpg,Rhododendron_barkamense,Rhododendron,Asia,OW,Ericoideae,-,unknown
Rhododendron_buxifolium_Hooker.jpg,Rhododendron_buxifolium,Rhododendron,Asia,OW,Ericoideae,-,unknown
Rhododendron_calendulaceum_Kron.jpg,Rhododendron_calendulaceum,Rhododendron,North_America,NW,Ericoideae,insect,insect
Rhododendron_californicum_Copeland_Rhododendroideae.jpg,Rhododendron_californicum,Rhododendron,North_America,NW,Ericoideae,-,unknown
Rhododendron_callimorphum_Tropicos.jpg,Rhododendron_callimorphum,Rhododendron,Asia,OW,Ericoideae,-,unknown
Rhododendron_calophytum_Tropicos.jpg,Rhododendron_calophytum,Rhododendron,Asia,OW,Ericoideae,-,unknown
Rhododendron_calostrotum_side_Davidan_vol1.jpg,Rhododendron_calostrotum,Rhododendron,Asia,OW,Ericoideae,-,unknown
Rhododendron_catawbiense_Gleason_E_NAM.jpg,Rhododendron_catawbiense,Rhododendron,Europe,OW,Ericoideae,-,unknown
Rhododendron_championiae_Tropicos.jpg,Rhododendron_championiae,Rhododendron,Asia,OW,Ericoideae,insect,insect
Rhododendron_chionanthum_tropicos.jpg,Rhododendron_chionanthum,Rhododendron,Asia,OW,Ericoideae,-,unknown
Rhododendron_ciliatum_Davidan_side_vol1.jpg,Rhododendron_ciliatum,Rhododendron,Asia,OW,Ericoideae,-,unknown
Rhododendron_citrinum_Houtte.jpg,Rhododendron_citrinum,Rhododendron,Asia,OW,Ericoideae,-,unknown
Rhododendron_clementis_2_Copeland_1929.jpg,Rhododendron_clementinae,Rhododendron,Asia,OW,Ericoideae,-,unknown
Rhododendron_clementis_Copeland_1929.jpg,Rhododendron_clementinae,Rhododendron,Asia,OW,Ericoideae,-,unknown
Rhododendron_comptum_Sleumer_Flora_Malesiana.jpg,Rhododendron_comptum,Rhododendron,Australia,OW,Ericoideae,honeyeater,bird
Rhododendron_cuneatum_Davidan_Rhododendron_vol1.jpg,Rhododendron_cuneatum,Rhododendron,Asia,OW,Ericoideae,-,unknown
Rhododendron_dalhousiae_Davidan_Rhododendron_vol1.jpg,Rhododendron_dalhousiae,Rhododendron,Asia,OW,Ericoideae,-,unknown
Rhododendron_dalhousieae_Curtis.jpg,Rhododendron_dalhousieae,Rhododendron,Asia,OW,Ericoideae,-,unknown
Rhododendron_dayaoshanense_Lian-ming_Rhododendron.jpg,Rhododendron_dayaoshanense,Rhododendron,Asia,OW,Ericoideae,-,unknown
Rhododendron_eastmanii_Kron_Kreel_Azalea.jpg,Rhododendron_eastmanii,Rhododendron,North_America,NW,Ericoideae,-,unknown
Rhododendron_edgeworthii_Davidan_Rhododendron_vol1.jpg,Rhododendron_edgeworthii,Rhododendron,Asia,OW,Ericoideae,-,unknown
Rhododendron_excellens_Hutchinson.jpg,Rhododendron_excellens,Rhododendron,Asia,OW,Ericoideae,-,unknown
Rhododendron_falconeri_Houtte.jpg,Rhododendron_falconeri,Rhododendron,Asia,OW,Ericoideae,-,unknown
Rhododendron_fallacinum_Sleumer_Flora_Malesiana.jpg,Rhododendron_fallacinum,Rhododendron,Asia,OW,Ericoideae,-,unknown
Rhododendron_fictolacteum_Stevens_1971_2.jpg,Rhododendron_fictolacteum,Rhododendron,Asia,OW,Ericoideae,-,unknown
Rhododendron_fletcherianum_Davidan_vol1.jpg,Rhododendron_fletcherianum,Rhododendron,Asia,OW,Ericoideae,-,unknown
Rhododendron_grande_Curtis.jpg,Rhododendron_grande,Rhododendron,Asia,OW,Ericoideae,-,unknown
Rhododendron_hejiangense_Tropicos.jpg,Rhododendron_hejiangense,Rhododendron,Asia,OW,Ericoideae,-,unknown
Rhododendron_henryi_Tropicos.jpg,Rhododendron_henryi,Rhododendron,Asia,OW,Ericoideae,-,unknown
Rhododendron_hirsutum_Thome.jpg,Rhododendron_hirsutum,Rhododendron,Europe,OW,Ericoideae,-,unknown
Rhododendron_hirtipes_Tropicos.jpg,Rhododendron_hirtipes,Rhododendron,Asia,OW,Ericoideae,-,unknown
Rhododendron_hodgsonii_Hooker.jpg,Rhododendron_hodgsonii,Rhododendron,Asia,OW,Ericoideae,-,unknown
Rhododendron_hyperythrum_Tropicos.jpg,Rhododendron_hyperythrum,Rhododendron,Asia,OW,Ericoideae,-,unknown
Rhododendron_inconspicum_anther_VanRoyen.jpg,Rhododendron_inconspicum,Rhododendron,Asia,OW,Ericoideae,honeyeater,bird
Rhododendron_indicum_Griffith.jpg,Rhododendron_indicum,Rhododendron,Asia,OW,Ericoideae,-,unknown
Rhododendron_intricatum_Tropicos.jpg,Rhododendron_intricatum,Rhododendron,Asia,OW,Ericoideae,-,unknown
Rhododendron_kochii_Copeland_1929.jpg,Rhododendron_kochii,Rhododendron,Asia,OW,Ericoideae,-,unknown
Rhododendron_konori_Sleumer_Flora_Malesiana.jpg,Rhododendron_konori,Rhododendron,Asia,OW,Ericoideae,insect,moth
Rhododendron_lanatum_Houtte.jpg,Rhododendron_lanatum,Rhododendron,Asia,OW,Ericoideae,-,unknown
Rhododendron_laudandum_Tropicos.jpg,Rhododendron_laudandum,Rhododendron,Asia,OW,Ericoideae,-,unknown
Rhododendron_lepidotum_Davidan_vol1.jpg,Rhododendron_lepidotum,Rhododendron,Asia,OW,Ericoideae,-,unknown
Rhododendron_leytense_Copeland_1929.jpg,Rhododendron_leytense,Rhododendron,Asia,OW,Ericoideae,-,unknown
Rhododendron_liliiflorum_Hutchinson.jpg,Rhododendron_liliiflorum,Rhododendron,Asia,OW,Ericoideae,-,unknown
Rhododendron_loheri_Copeland_1929.jpg,Rhododendron_loheri,Rhododendron,Asia,OW,Ericoideae,-,unknown
Rhododendron_magnificum_Tropicos.jpg,Rhododendron_magnificum,Rhododendron,Asia,OW,Ericoideae,-,unknown
Rhododendron_microphyton_Tropicos.jpg,Rhododendron_microphyton,Rhododendron,Asia,OW,Ericoideae,insect,insect
Rhododendron_mindanaense_Copeland_1929.jpg,Rhododendron_mindanaense,Rhododendron,Asia,OW,Ericoideae,-,unknown
Rhododendron_molle_Kron_Pentanthera.jpg,Rhododendron_molle,Rhododendron,Asia,OW,Ericoideae,-,unknown
Rhododendron_moulmainense_Tropicos.jpg,Rhododendron_moulmainense,Rhododendron,Asia,OW,Ericoideae,insect,insect
Rhododendron_moupinense_Davidan_vol1.jpg,Rhododendron_moupinense,Rhododendron,Asia,OW,Ericoideae,-,unknown
Rhododendron_neriiflorum_Curtis.jpg,Rhododendron_neriiflorum,Rhododendron,Asia,OW,Ericoideae,-,unknown
Rhododendron_nortoniae_Copeland_1929.jpg,Rhododendron_nortoniae,Rhododendron,Asia,OW,Ericoideae,-,unknown
Rhododendron_pemakoense_Davidan_vol1.jpg,Rhododendron_pemakoense,Rhododendron,Asia,OW,Ericoideae,-,unknown
Rhododendron_periclymenoides_Kron_Pentanthera.jpg,Rhododendron_periclymenoides,Rhododendron,North_America,NW,Ericoideae,-,unknown
Rhododendron_populare_Tropicos.jpg,Rhododendron_populare,Rhododendron,Asia,OW,Ericoideae,-,unknown
Rhododendron_praetervisum_Purves.jpg,Rhododendron_praetervisum,Rhododendron,Asia,OW,Ericoideae,-,unknown
Rhododendron_retusum_Curtis.jpg,Rhododendron_retusum,Rhododendron,Asia,OW,Ericoideae,honeyeater,bird
Rhododendron_rubiginosum_Davidan_vol1.jpg,Rhododendron_rubiginosum,Rhododendron,Asia,OW,Ericoideae,-,unknown
Rhododendron_scabridibracteum_Sleumer_Flora_Malesiana.jpg,Rhododendron_scabridibracteum,Rhododendron,Australia,OW,Ericoideae,honeyeater,bird
Rhododendron_scopulorum_Davidan_vol1.jpg,Rhododendron_scopulorum,Rhododendron,Asia,OW,Ericoideae,-,unknown
Rhododendron_simulans_anther_VanRoyen.jpg,Rhododendron_simulans,Rhododendron,Asia,OW,Ericoideae,-,unknown
Rhododendron_spectabile_Copeland_1929.jpg,Rhododendron_spectabile,Rhododendron,Asia,OW,Ericoideae,-,unknown
Rhododendron_spinuliferum_Curtis.jpg,Rhododendron_spinuliferum,Rhododendron,Asia,OW,Ericoideae,-,unknown
Rhododendron_strigosum_RenLin.jpg,Rhododendron_strigosum,Rhododendron,Asia,OW,Ericoideae,-,unknown
Rhododendron_tamaense_Davidan_Rhododendron_vol1.jpg,Rhododendron_tamaense,Rhododendron,Asia,OW,Ericoideae,-,unknown
Rhododendron_truncatovarium_Gao.jpg,Rhododendron_truncatovarium,Rhododendron,Asia,OW,Ericoideae,-,unknown
Rhododendron_vidalii_3_4_Copeland_1929.jpg,Rhododendron_vidalii,Rhododendron,Asia,OW,Ericoideae,-,unknown
Rhododendron_virgatum_Curtis.jpg,Rhododendron_virgatum,Rhododendron,Asia,OW,Ericoideae,insect,insect
Rhododendron_whiteheadi_10_11_Copeland_1929.jpg,Rhododendron_whiteheadi,Rhododendron,Asia,OW,Ericoideae,-,unknown
Rhododendron_wightii_Hooker.jpg,Rhododendron_wightii,Rhododendron,Asia,OW,Ericoideae,-,unknown
Rhodothamnus_chamaecistus_Stevens_1971_2.jpg,Rhodothamnus_chamaecistus,Rhodothamnus,Europe,OW,Ericoideae,-,unknown
Richea_acerosa_Hooker.jpg,Richea_acerosa,Richea,Australia,OW,Styphelioideae,insect,insect
Richea_gunnii_Hooker.jpg,Richea_gunnii,Richea,Australia,OW,Styphelioideae,-,unknown
Richea_milliganii_Hooker.jpg,Richea_milliganii,Richea,Australia,OW,Styphelioideae,insect,insect
Richea_pandanifolia_Hooker.jpg,Richea_pandanifolia,Richea,Australia,OW,Styphelioideae,honeyeater,bird
Richea_scoparia_Hooker.jpg,Richea_scoparia,Richea,Australia,OW,Styphelioideae,insect,insect
Richea_sprengelioides_Hooker.jpg,Richea_sprengelioides,Richea,Australia,OW,Styphelioideae,insect,insect
Rupicola_sprengelioides_Curtis.jpg,Rupicola_sprengelioides,Rupicola,Australia,OW,Styphelioideae,-,unknown
Sarcodes_sanguinea_1036_001.jpg,Sarcodes_sanguinea,Sarcodes,North_America,NW,Monotropoideae,-,unknown
Satyria_grandifolia_NYBG.jpg,Satyria_grandifolia,Satyria,South_America,NW,Vaccinioideae,hummingbird,bird
Satyria_orquidensis_Pedraza_Phytokeys_new_species.jpg,Satyria_orquidensis,Satyria,South_America,NW,Vaccinioideae,hummingbird,bird
Satyria_pterocalyx_Pedraza_Phytokeys_new_species3.jpg,Satyria_pterocalyx,Satyria,South_America,NW,Vaccinioideae,hummingbird,bird
Satyria_ventricosa_Luten_New_Ericaceae_2.jpg,Satyria_ventricosa,Satyria,South_America,NW,Vaccinioideae,hummingbird,bird
Semiramisia_alata_2418614.jpg,Semiramisia_alata,Semiramisia,South_America,NW,Vaccinioideae,hummingbird,bird
Semiramisia_pulcherrima_2418614.jpg,Semiramisia_pulcherrima,Semiramisia,South_America,NW,Vaccinioideae,hummingbird,bird
Semiramisia_speciosa_2418614.jpg,Semiramisia_speciosa,Semiramisia,South_America,NW,Vaccinioideae,hummingbird,bird
Siphonandra_boliviana_Luteyn_Ericaceae_Bolivia.jpg,Siphonandra_boliviana,Siphonandra,South_America,NW,Vaccinioideae,hummingbird,bird
Siphonandra_boliviana_Luteyn.jpg,Siphonandra_boliviana,Siphonandra,South_America,NW,Vaccinioideae,hummingbird,bird
Siphonandra_elliptica_Luteyn.jpg,Siphonandra_elliptica,Siphonandra,South_America,NW,Vaccinioideae,hummingbird,bird
Siphonandra_nervosa_Luteyn.jpg,Siphonandra_nervosa,Siphonandra,South_America,NW,Vaccinioideae,hummingbird,bird
Siphonandra_santa-barbarense_Luteyn.jpg,Siphonandra_santa-barbarense,Siphonandra,South_America,NW,Vaccinioideae,hummingbird,bird
Sphyrospermum_buxifolium_Luteyn.jpg,Sphyrospermum_buxifolium,Sphyrospermum,South_America,NW,Vaccinioideae,-,unknown
Sphyrospermum_campanulatum_NYBG.jpg,Sphyrospermum_campanulatum,Sphyrospermum,South_America,NW,Vaccinioideae,-,unknown
Sphyrospermum_campanulatum.jpg,Sphyrospermum_campanulatum,Sphyrospermum,South_America,NW,Vaccinioideae,-,unknown
Sphyrospermum_lanceolatum-I.jpg,Sphyrospermum_lanceolatum-I,Sphyrospermum,South_America,NW,Vaccinioideae,-,unknown
Sphyrospermum_linearifolium_Morales_New_Sphyrospermum.jpg,Sphyrospermum_linearifolium,Sphyrospermum,South_America,NW,Vaccinioideae,-,unknown
Sphyrospermum_sessiliflorum_Luten_New_Ericaceae_6.jpg,Sphyrospermum_sessiliflorum,Sphyrospermum,South_America,NW,Vaccinioideae,-,unknown
Staphelia_violaceospicata_1035_001.jpg,Styphelia_violaceospicata,Styphelia,Australia,OW,Styphelioideae,-,unknown
Styphelia_hainesii_Mueller.jpg,Styphelia_hainesii,Styphelia,Australia,OW,Styphelioideae,honeyeater,bird
Styphelia_triflora_Andrews.jpg,Styphelia_triflora,Styphelia,Australia,OW,Styphelioideae,-,unknown
Styphelia_tubiflora_Sm.jpg,Styphelia_tubiflora,Styphelia,Australia,OW,Styphelioideae,-,unknown
Symphysia_racemosa_Vander_Kloet_Symphysia.jpg,Symphysia_racemosa,Symphysia,South_America,NW,Vaccinioideae,hummingbird,bird
Tepuia_speciosa_Luteyn_Ericaceae_49.jpg,Tepuia_speciosa,Tepuia,South_America,NW,Vaccinioideae,insect,insect
Tepuia_venusta_Luteyn_1995.jpg,Tepuia_venusta,Tepuia,South_America,NW,Vaccinioideae,insect,insect
Tepuia_venusta_Luteyn_Ericaceae_50.jpg,Tepuia_venusta,Tepuia,South_America,NW,Vaccinioideae,insect,insect
Themistoclesia_acacioides_Pedraza.jpg,Themistoclesia_acacioides,Themistoclesia,South_America,NW,Vaccinioideae,hummingbird,bird
Themistoclesia_alata_NYBG.jpg,Themistoclesia_alata,Themistoclesia,South_America,NW,Vaccinioideae,hummingbird,bird
Themistoclesia_flexuosa_Luten_New_Ericaceae_9.jpg,Themistoclesia_flexuosa,Themistoclesia,South_America,NW,Vaccinioideae,hummingbird,bird
Themistoclesia_geniculata_Pedraza.jpg,Themistoclesia_geniculata,Themistoclesia,South_America,NW,Vaccinioideae,hummingbird,bird
Themistoclesia_idiocalyx_Pedraza.jpg,Themistoclesia_idiocalyx,Themistoclesia,South_America,NW,Vaccinioideae,hummingbird,bird
Themistoclesia_molaui_Luten_New_Ericaceae_5.jpg,Themistoclesia_molaui,Themistoclesia,South_America,NW,Vaccinioideae,hummingbird,bird
Themistoclesia_pariensis_NYBG.jpg,Themistoclesia_pariensis,Themistoclesia,South_America,NW,Vaccinioideae,hummingbird,bird
Themistoclesia_siranensis_Pedraza.jpg,Themistoclesia_siranensis,Themistoclesia,South_America,NW,Vaccinioideae,hummingbird,bird
Themistoclesia_tunquiniensis_Pedraza.jpg,Themistoclesia_tunquiniensis,Themistoclesia,South_America,NW,Vaccinioideae,hummingbird,bird
Themistoclesia_unduavensis_Luteyn_Ericaceae_Bolivia.jpg,Themistoclesia_unduavensis,Themistoclesia,South_America,NW,Vaccinioideae,hummingbird,bird
Themistoclesia_woytkowskii_Pedraza.jpg,Themistoclesia_woytkowskii,Themistoclesia,South_America,NW,Vaccinioideae,hummingbird,bird
Themistoclesia_yungensis_Pedraza.jpg,Themistoclesia_yungensis,Themistoclesia,South_America,NW,Vaccinioideae,hummingbird,bird
Thibaudia_costaricensis_Luteyn.jpg,Thibaudia_costaricensis,Themistoclesia,South_America,NW,Vaccinioideae,hummingbird,bird
Thibaudia_dudleyi_var._pseudostellata_Luten_New_Ericaceae_7.jpg,Thibaudia_dudleyi,Thibaudia,South_America,NW,Vaccinioideae,hummingbird,bird
Thibaudia_foreroi_NYBG.jpg,Thibaudia_foreroi,Thibaudia,South_America,NW,Vaccinioideae,hummingbird,bird
Thibaudia_harlingii_NYBG.jpg,Thibaudia_harlingii,Thibaudia,South_America,NW,Vaccinioideae,hummingbird,bird
Thibaudia_jorgensenii_Luten_New_Ericaceae_5.jpg,Thibaudia_jorgensenii,Thibaudia,South_America,NW,Vaccinioideae,hummingbird,bird
Thibaudia_retusifolia_NYBG.jpg,Thibaudia_retusifolia,Thibaudia,South_America,NW,Vaccinioideae,hummingbird,bird
Tsusiophyllum_tanakae_Stevens_1971_2.jpg,Tsusiophyllum_tanakae,Tsusiophyllum,Asia,OW,Ericoideae,-,unknown
Utleya_costaricensis_Luten_Wilbur_New_Ericaceae.jpg,Utleya_costaricensis,Utleya,South_America,NW,Vaccinioideae,-,unknown
Vaccinium_allainii_Iturralde.jpg,Vaccinium_alainii,Vaccinium,North_America,NW,Vaccinioideae,-,unknown
Vaccinium_amazoniucm_Pedraza_Luteyn_new_Vaccinium.jpg,Vaccinium_amazonicum,Vaccinium,South_America,NW,Vaccinioideae,-,unknown
Vaccinium_amplifolium_1_Stevens.jpg,Vaccinium_amplifolium,Vaccinium,Australia,OW,Vaccinioideae,-,unknown
Vaccinium_amplifolium_Stevens_HKL_MISSING.jpg,Vaccinium_amplifolium,Vaccinium,Australia,OW,Vaccinioideae,-,unknown
Vaccinium_angustifolium_VanderKloet1988.jpg,Vaccinium_angustifolium,Vaccinium,North_America,NW,Vaccinioideae,insect,insect
Vaccinium_arboreum_VanderKloet1988.jpg,Vaccinium_arboreum,Vaccinium,North_America,NW,Vaccinioideae,-,unknown
Vaccinium_aristatum_Pedraza_Luteyn_new_Vaccinium.jpg,Vaccinium_aristatum,Vaccinium,South_America,NW,Vaccinioideae,-,unknown
Vaccinium_berberidifolium_Degener.jpg,Vaccinium_berberidifolium,Vaccinium,Asia,OW,Vaccinioideae,-,unknown
Vaccinium_bissei_Iturralde.jpg,Vaccinium_bissei,Vaccinium,North_America,NW,Vaccinioideae,-,unknown
Vaccinium_boreale_VanderKloet1988.jpg,Vaccinium_boreale,Vaccinium,North_America,NW,Vaccinioideae,-,unknown
Vaccinium_caespitosum_Curtis.jpg,Vaccinium_caespitosum,Vaccinium,North_America,NW,Vaccinioideae,insect,insect
Vaccinium_caespitosum_VanderKloet1988.jpg,Vaccinium_cespitosum,Vaccinium,North_America,NW,Vaccinioideae,-,unknown
Vaccinium_cereum_Hooker.jpg,Vaccinium_cereum,Vaccinium,Australia,OW,Vaccinioideae,-,unknown
Vaccinium_consanguineum_Luteyn.jpg,Vaccinium_consanguineum,Vaccinium,North_America,NW,Vaccinioideae,insect,insect
Vaccinium_continuum_Pedraza_Luteyn_new_Vaccinium.jpg,Vaccinium_continuum,Vaccinium,South_America,NW,Vaccinioideae,-,unknown
Vaccinium_corymbosym_VanderKloet1988.jpg,Vaccinium_corymbosum,Vaccinium,North_America,NW,Vaccinioideae,insect,insect
Vaccinium_costaricensis_Luten_Wilbur_New_Ericaceae.jpg,Vaccinium_costaricensis,Vaccinium,South_America,NW,Vaccinioideae,insect,insect
Vaccinium_crassifolium_VanderKloet1988.jpg,Vaccinium_crassifolium,Vaccinium,North_America,NW,Vaccinioideae,-,unknown
Vaccinium_crenatum_Curtis.jpg,Vaccinium_crenatum,Vaccinium,South_America,NW,Vaccinioideae,-,unknown
Vaccinium_cubense_Iturralde.jpg,Vaccinium_cubense,Vaccinium,South_America,NW,Vaccinioideae,-,unknown
Vaccinium_darrowii_VanderKloet1988.jpg,Vaccinium_darrowii,Vaccinium,North_America,NW,Vaccinioideae,-,unknown
Vaccinium_delavayi_Hayata.jpg,Vaccinium_delavayi,Vaccinium,Asia,OW,Vaccinioideae,-,unknown
Vaccinium_deliciosum_Camp1945.jpg,Vaccinium_deliciosum,Vaccinium,North_America,NW,Vaccinioideae,-,unknown
Vaccinium_deliciosum_VanderKloet1988.jpg,Vaccinium_deliciosum,Vaccinium,North_America,NW,Vaccinioideae,-,unknown
Vaccinium_ekmanii_Iturralde.jpg,Vaccinium_ekmanii,Vaccinium,South_America,NW,Vaccinioideae,-,unknown
Vaccinium_emarginatum_Hayata.jpg,Vaccinium_emarginatum,Vaccinium,Asia,OW,Vaccinioideae,-,unknown
Vaccinium_erythrocarpum_VanderKloet1988.jpg,Vaccinium_erythrocarpum,Vaccinium,North_America,NW,Vaccinioideae,-,unknown
Vaccinium_fissiflorum_Stevens_HKL_MISSING.jpg,Vaccinium_fissiflorum,Vaccinium,Asia,OW,Vaccinioideae,-,unknown
Vaccinium_geminiflorum_VanderKloet1988.jpg,Vaccinium_geminiflorum,Vaccinium,South_America,NW,Vaccinioideae,-,unknown
Vaccinium_hiepii_VANDER_KLOET_2005.jpg,Vaccinium_hiepii,Vaccinium,Asia,OW,Vaccinioideae,-,unknown
Vaccinium_hirsutum_VanderKloet1988.jpg,Vaccinium_hirsutum,Vaccinium,North_America,NW,Vaccinioideae,-,unknown
Vaccinium_hirtum_Nakai.jpg,Vaccinium_hirtum,Vaccinium,Asia,OW,Vaccinioideae,insect,insect
Vaccinium_ingens_1_Stevens.jpg,Vaccinium_ingens,Vaccinium,Australia,OW,Vaccinioideae,-,unknown
Vaccinium_ingens_Stevens_HKL_MISSING.jpg,Vaccinium_ingens,Vaccinium,Australia,OW,Vaccinioideae,-,unknown
Vaccinium_jefense_Luten_Wilbur_New_Ericaceae.jpg,Vaccinium_jefense,Vaccinium,South_America,NW,Vaccinioideae,-,unknown
Vaccinium_loonis_Iturralde.jpg,Vaccinium_loonis,Vaccinium,North_America,NW,Vaccinioideae,-,unknown
Vaccinium_macgillivrayi_Stevens_1971_1.jpg,Vaccinium_macgillivrayi,Vaccinium,Asia,OW,Vaccinioideae,-,unknown
Vaccinium_macrocarpon_VanderKloet1988.jpg,Vaccinium_macrocarpon,Vaccinium,North_America,NW,Vaccinioideae,insect,insect
Vaccinium_membranaceum_VanderKloet1988.jpg,Vaccinium_membranaceum,Vaccinium,North_America,NW,Vaccinioideae,-,unknown
Vaccinium_meridionale_Iturralde.jpg,Vaccinium_meridionale,Vaccinium,South_America,NW,Vaccinioideae,-,unknown
Vaccinium_microcarpum_Suda_Vaccinium.jpg,Vaccinium_microcarpum,Vaccinium,Asia,OW,Vaccinioideae,-,unknown
Vaccinium_monteverdense_Luten_New_Ericaceae_2_2.jpg,Vaccinium_monteverdense,Vaccinium,South_America,NW,Vaccinioideae,-,unknown
Vaccinium_myrsinites_VanderKloet1988.jpg,Vaccinium_myrsinites,Vaccinium,North_America,NW,Vaccinioideae,-,unknown
Vaccinium_myrtilloides_Camp1945.jpg,Vaccinium_myrtilloides,Vaccinium,North_America,NW,Vaccinioideae,-,unknown
Vaccinium_myrtilloides_VanderKloet1988.jpg,Vaccinium_myrtilloides,Vaccinium,North_America,NW,Vaccinioideae,-,unknown
Vaccinium_myrtillus_VanderKloet1988.jpg,Vaccinium_myrtillus,Vaccinium,Europe,OW,Vaccinioideae,insect,insect
Vaccinium_ortizii_Pedraza_Luteyn_new_Vaccinium.jpg,Vaccinium_ortizii,Vaccinium,South_America,NW,Vaccinioideae,-,unknown
Vaccinium_oscarlopezianum_Co.jpg,Vaccinium_oscarlopezianum,Vaccinium,Asia,OW,Vaccinioideae,-,unknown
Vaccinium_ovalifolium_VanderKloet1988.jpg,Vaccinium_ovalifolium,Vaccinium,Asia,OW,Vaccinioideae,insect,insect
Vaccinium_ovatum_VanderKloet1988.jpg,Vaccinium_ovatum,Vaccinium,North_America,NW,Vaccinioideae,-,unknown
Vaccinium_oxycoccos_Suda_Vaccinium.jpg,Vaccinium_oxycoccos,Vaccinium,North_America,NW,Vaccinioideae,insect,insect
Vaccinium_oxycoccus_VanderKloet1988.jpg,Vaccinium_oxycoccos,Vaccinium,North_America,NW,Vaccinioideae,insect,insect
Vaccinium_pahalae_Degener.jpg,Vaccinium_pahalae,Vaccinium,Asia,OW,Vaccinioideae,-,unknown
Vaccinium_pallidum_VanderKloet1988.jpg,Vaccinium_pallidum,Vaccinium,North_America,NW,Vaccinioideae,-,unknown
Vaccinium_parvifolium_VanderKloet1988.jpg,Vaccinium_parvifolium,Vaccinium,North_America,NW,Vaccinioideae,-,unknown
Vaccinium_pipolyi_Luteyn_New_Vaccinium_Guyana.jpg,Vaccinium_pipolyi,Vaccinium,South_America,NW,Vaccinioideae,-,unknown
Vaccinium_poasanum_Stevens_1971_4.jpg,Vaccinium_poasanum,Vaccinium,South_America,NW,Vaccinioideae,insect,insect
Vaccinium_pterocalyx_NYBG.jpg,Vaccinium_pterocalyx,Vaccinium,South_America,NW,Vaccinioideae,-,unknown
Vaccinium_ramonii_Iturralde.jpg,Vaccinium_ramonii,Vaccinium,North_America,NW,Vaccinioideae,-,unknown
Vaccinium_scoparium_VanderKloet1988.jpg,Vaccinium_scoparium,Vaccinium,North_America,NW,Vaccinioideae,-,unknown
Vaccinium_shaferi_Iturralde.jpg,Vaccinium_shaferi,Vaccinium,North_America,NW,Vaccinioideae,-,unknown
Vaccinium_sieboldii_Ohwi.jpg,Vaccinium_sieboldii,Vaccinium,Asia,OW,Vaccinioideae,-,unknown
Vaccinium_stamenium_VanderKloet1988.jpg,Vaccinium_stamineum,Vaccinium,North_America,NW,Vaccinioideae,insect,insect
Vaccinium_stamineum_Gleason_E_NAM.jpg,Vaccinium_stamineum,Vaccinium,North_America,NW,Vaccinioideae,insect,insect
Vaccinium_steyermarkii.jpg,Vaccinium_steyermarkii,Vaccinium,South_America,NW,Vaccinioideae,hummingbird,bird
Vaccinium_tenellum_VanderKloet1988.jpg,Vaccinium_tenellum,Vaccinium,North_America,NW,Vaccinioideae,-,unknown
Vaccinium_uliginosum_VanderKloet1988.jpg,Vaccinium_uliginosum,Vaccinium,North_America,NW,Vaccinioideae,insect,insect
Vaccinium_urubambensis_Pedraza_Luteyn_new_Vaccinium.jpg,Vaccinium_urubambensis,Vaccinium,South_America,NW,Vaccinioideae,-,unknown
Vaccinium_utteridgei_S0960428614000080a.jpg,Vaccinium_utteridgei,Vaccinium,North_America,NW,Vaccinioideae,-,unknown
Vaccinium_vitis-idaea_VanderKloet1988.jpg,Vaccinium_vitis-idaea,Vaccinium,Europe,OW,Vaccinioideae,insect,insect
Vaccinium_wilburii_Almeda.jpg,Vaccinium_wilburii,Vaccinium,South_America,NW,Vaccinioideae,-,unknown
Vaccinium_youngii_Pedraza_Luteyn_new_Vaccinium.jpg,Vaccinium_youngii,Vaccinium,South_America,NW,Vaccinioideae,-,unknown
Zenobia_pulverulenta_Stevens_1971_3.jpg,Zenobia_pulverulenta,Zenobia,North_America,NW,Vaccinioideae,insect,insect